Workbook

Sheet Results
A2: HHCRSP Experiment Results
A5: Instance | B5: Instance Seed | C5: Patients | D5: Caregivers | E5: Services | F5: Dynamic % | G5: Dynamic Requests | H5: Advance Requests | I5: Sync % | J5: Sync Requests | K5: Gurobi ZT | L5: Gurobi Zd | M5: Gurobi Zt2 | N5: Gurobi Zu | O5: Gurobi Uncovered | P5: Gurobi Runtime (s) | Q5: GA Best ZT | R5: GA Best Zd | S5: GA Best Zt3 | T5: GA Best Zu | U5: GA Best Uncovered | V5: GA Best Runtime (s) | W5: GA Gap (%) | X5: GA Mean ZT | Y5: GA SD ZT | Z5: Valid GA Runs | AA5: GA Mean Runtime (s) | AB5: RH ZT | AC5: RH Zd | AD5: RH Zt4 | AE5: RH Zu | AF5: RH Uncovered | AG5: RH Runtime (s) | AH5: Delay Reduction (%) | AI5: GA Coverage (%) | AJ5: RH Coverage (%) | AK5: Coverage Gain (pp) | AL5: GA Objective Check | AM5: Notes
A6: 20-1-1 | B6: 27 | C6: 20 | D6: 4 | E6: 2 | F6: 0.1 | G6: 2 | H6: 18 | I6: 0.1 | J6: 2 | K6: 448.8 | L6: 0 | M6: 448.8 | N6: 0 | O6: 0 | P6: 1 | Q6: =IF(COUNT('GA Runs'!M6:M10)=0,"",MIN('GA Runs'!M6:M10)) -> 448.81 | R6: =IF($Q6="","",INDEX('GA Runs'!E6:E10,MATCH($Q6,'GA Runs'!M6:M10,0))) -> 0 | S6: =IF($Q6="","",INDEX('GA Runs'!F6:F10,MATCH($Q6,'GA Runs'!M6:M10,0))) -> 448.81 | T6: =IF($Q6="","",INDEX('GA Runs'!G6:G10,MATCH($Q6,'GA Runs'!M6:M10,0))) -> 0 | U6: =IF($Q6="","",INDEX('GA Runs'!H6:H10,MATCH($Q6,'GA Runs'!M6:M10,0))) -> 0 | V6: =IF($Q6="","",INDEX('GA Runs'!I6:I10,MATCH($Q6,'GA Runs'!M6:M10,0))) -> 20.5 | W6: =IF(OR($K6="",$Q6="",NOT(ISNUMBER($K6))),"",100*($Q6-$K6)/$K6) -> 0.002228164 | X6: =IF(COUNT('GA Runs'!M6:M10)=0,"",AVERAGE('GA Runs'!M6:M10)) -> 448.81 | Y6: =IF(COUNT('GA Runs'!M6:M10)<2,"",_xlfn.STDEV.S('GA Runs'!M6:M10)) -> 6.3552874e-14 | Z6: =COUNT('GA Runs'!M6:M10) -> 5 | AA6: =IF($Z6=0,"",AVERAGEIF('GA Runs'!M6:M10,">=0",'GA Runs'!I6:I10)) -> 21.786 | AB6: 532.3 | AC6: 95.15 | AD6: 437.14 | AE6: 0 | AF6: 0 | AG6: 2.38 | AH6: =IF(OR($AC6="",$R6="",$AC6=0),"",100*($AC6-$R6)/$AC6) -> 100 | AI6: =IF($U6="","",100*($C6-$U6)/$C6) -> 100 | AJ6: =IF($AF6="","",100*($C6-$AF6)/$C6) -> 100 | AK6: =IF(OR($AI6="",$AJ6=""),"",$AI6-$AJ6) -> 0 | AL6: =IF($Q6="","",IF(ABS($Q6-SUM($R6:$T6))<0.05,"OK","CHECK")) -> OK
A7: 20-1-2 | B7: 27 | C7: 20 | D7: 4 | E7: 2 | F7: 0.25 | G7: 5 | H7: 15 | I7: 0.1 | J7: 2 | K7: 549.8 | L7: 38.2 | M7: 511.6 | N7: 0 | O7: 0 | P7: 2 | Q7: =IF(COUNT('GA Runs'!M11:M15)=0,"",MIN('GA Runs'!M11:M15)) -> 549.85 | R7: =IF($Q7="","",INDEX('GA Runs'!E11:E15,MATCH($Q7,'GA Runs'!M11:M15,0))) -> 38.2 | S7: =IF($Q7="","",INDEX('GA Runs'!F11:F15,MATCH($Q7,'GA Runs'!M11:M15,0))) -> 511.65 | T7: =IF($Q7="","",INDEX('GA Runs'!G11:G15,MATCH($Q7,'GA Runs'!M11:M15,0))) -> 0 | U7: =IF($Q7="","",INDEX('GA Runs'!H11:H15,MATCH($Q7,'GA Runs'!M11:M15,0))) -> 0 | V7: =IF($Q7="","",INDEX('GA Runs'!I11:I15,MATCH($Q7,'GA Runs'!M11:M15,0))) -> 23.24 | W7: =IF(OR($K7="",$Q7="",NOT(ISNUMBER($K7))),"",100*($Q7-$K7)/$K7) -> 0.0090942161 | X7: =IF(COUNT('GA Runs'!M11:M15)=0,"",AVERAGE('GA Runs'!M11:M15)) -> 553.89 | Y7: =IF(COUNT('GA Runs'!M11:M15)<2,"",_xlfn.STDEV.S('GA Runs'!M11:M15)) -> 8.9334316 | Z7: =COUNT('GA Runs'!M11:M15) -> 5 | AA7: =IF($Z7=0,"",AVERAGEIF('GA Runs'!M11:M15,">=0",'GA Runs'!I11:I15)) -> 23.272 | AB7: 843.98 | AC7: 338.13 | AD7: 505.85 | AE7: 0 | AF7: 0 | AG7: 3.26 | AH7: =IF(OR($AC7="",$R7="",$AC7=0),"",100*($AC7-$R7)/$AC7) -> 88.70257 | AI7: =IF($U7="","",100*($C7-$U7)/$C7) -> 100 | AJ7: =IF($AF7="","",100*($C7-$AF7)/$C7) -> 100 | AK7: =IF(OR($AI7="",$AJ7=""),"",$AI7-$AJ7) -> 0 | AL7: =IF($Q7="","",IF(ABS($Q7-SUM($R7:$T7))<0.05,"OK","CHECK")) -> OK
A8: 20-1-3 | B8: 27 | C8: 20 | D8: 4 | E8: 2 | F8: 0.5 | G8: 10 | H8: 10 | I8: 0.1 | J8: 2 | K8: 560.1 | L8: 39.1 | M8: 521 | N8: 0 | O8: 0 | P8: 1 | Q8: =IF(COUNT('GA Runs'!M16:M20)=0,"",MIN('GA Runs'!M16:M20)) -> 584.26 | R8: =IF($Q8="","",INDEX('GA Runs'!E16:E20,MATCH($Q8,'GA Runs'!M16:M20,0))) -> 51.62 | S8: =IF($Q8="","",INDEX('GA Runs'!F16:F20,MATCH($Q8,'GA Runs'!M16:M20,0))) -> 532.64 | T8: =IF($Q8="","",INDEX('GA Runs'!G16:G20,MATCH($Q8,'GA Runs'!M16:M20,0))) -> 0 | U8: =IF($Q8="","",INDEX('GA Runs'!H16:H20,MATCH($Q8,'GA Runs'!M16:M20,0))) -> 0 | V8: =IF($Q8="","",INDEX('GA Runs'!I16:I20,MATCH($Q8,'GA Runs'!M16:M20,0))) -> 22.91 | W8: =IF(OR($K8="",$Q8="",NOT(ISNUMBER($K8))),"",100*($Q8-$K8)/$K8) -> 4.3135154 | X8: =IF(COUNT('GA Runs'!M16:M20)=0,"",AVERAGE('GA Runs'!M16:M20)) -> 601.2 | Y8: =IF(COUNT('GA Runs'!M16:M20)<2,"",_xlfn.STDEV.S('GA Runs'!M16:M20)) -> 21.935732 | Z8: =COUNT('GA Runs'!M16:M20) -> 5 | AA8: =IF($Z8=0,"",AVERAGEIF('GA Runs'!M16:M20,">=0",'GA Runs'!I16:I20)) -> 22.846 | AB8: 5148.47 | AC8: 693.07 | AD8: 455.4 | AE8: 4000 | AF8: 1 | AG8: 1 | AH8: =IF(OR($AC8="",$R8="",$AC8=0),"",100*($AC8-$R8)/$AC8) -> 92.551979 | AI8: =IF($U8="","",100*($C8-$U8)/$C8) -> 100 | AJ8: =IF($AF8="","",100*($C8-$AF8)/$C8) -> 95 | AK8: =IF(OR($AI8="",$AJ8=""),"",$AI8-$AJ8) -> 5 | AL8: =IF($Q8="","",IF(ABS($Q8-SUM($R8:$T8))<0.05,"OK","CHECK")) -> OK
A9: 20-1-4 | B9: 27 | C9: 20 | D9: 4 | E9: 2 | F9: 0.75 | G9: 15 | H9: 5 | I9: 0.1 | J9: 2 | K9: 794.3 | L9: 219.3 | M9: 575 | N9: 0 | O9: 0 | P9: 1 | Q9: =IF(COUNT('GA Runs'!M21:M25)=0,"",MIN('GA Runs'!M21:M25)) -> 794.24 | R9: =IF($Q9="","",INDEX('GA Runs'!E21:E25,MATCH($Q9,'GA Runs'!M21:M25,0))) -> 219.26 | S9: =IF($Q9="","",INDEX('GA Runs'!F21:F25,MATCH($Q9,'GA Runs'!M21:M25,0))) -> 574.97 | T9: =IF($Q9="","",INDEX('GA Runs'!G21:G25,MATCH($Q9,'GA Runs'!M21:M25,0))) -> 0 | U9: =IF($Q9="","",INDEX('GA Runs'!H21:H25,MATCH($Q9,'GA Runs'!M21:M25,0))) -> 0 | V9: =IF($Q9="","",INDEX('GA Runs'!I21:I25,MATCH($Q9,'GA Runs'!M21:M25,0))) -> 14.67 | W9: =IF(OR($K9="",$Q9="",NOT(ISNUMBER($K9))),"",100*($Q9-$K9)/$K9) -> -0.007553821 | X9: =IF(COUNT('GA Runs'!M21:M25)=0,"",AVERAGE('GA Runs'!M21:M25)) -> 799.008 | Y9: =IF(COUNT('GA Runs'!M21:M25)<2,"",_xlfn.STDEV.S('GA Runs'!M21:M25)) -> 8.4921799 | Z9: =COUNT('GA Runs'!M21:M25) -> 5 | AA9: =IF($Z9=0,"",AVERAGEIF('GA Runs'!M21:M25,">=0",'GA Runs'!I21:I25)) -> 14.808 | AB9: 4609.47 | AC9: 1078.39 | AD9: 531.08 | AE9: 3000 | AF9: 1 | AG9: 0.95 | AH9: =IF(OR($AC9="",$R9="",$AC9=0),"",100*($AC9-$R9)/$AC9) -> 79.667838 | AI9: =IF($U9="","",100*($C9-$U9)/$C9) -> 100 | AJ9: =IF($AF9="","",100*($C9-$AF9)/$C9) -> 95 | AK9: =IF(OR($AI9="",$AJ9=""),"",$AI9-$AJ9) -> 5 | AL9: =IF($Q9="","",IF(ABS($Q9-SUM($R9:$T9))<0.05,"OK","CHECK")) -> OK
A10: 20-1-5 | B10: 27 | C10: 20 | D10: 4 | E10: 2 | F10: 0.9 | G10: 18 | H10: 2 | I10: 0.1 | J10: 2 | K10: 946.1 | L10: 397.2 | M10: 548.9 | N10: 0 | O10: 0 | P10: 1 | Q10: =IF(COUNT('GA Runs'!M26:M30)=0,"",MIN('GA Runs'!M26:M30)) -> 946.11 | R10: =IF($Q10="","",INDEX('GA Runs'!E26:E30,MATCH($Q10,'GA Runs'!M26:M30,0))) -> 397.23 | S10: =IF($Q10="","",INDEX('GA Runs'!F26:F30,MATCH($Q10,'GA Runs'!M26:M30,0))) -> 548.88 | T10: =IF($Q10="","",INDEX('GA Runs'!G26:G30,MATCH($Q10,'GA Runs'!M26:M30,0))) -> 0 | U10: =IF($Q10="","",INDEX('GA Runs'!H26:H30,MATCH($Q10,'GA Runs'!M26:M30,0))) -> 0 | V10: =IF($Q10="","",INDEX('GA Runs'!I26:I30,MATCH($Q10,'GA Runs'!M26:M30,0))) -> 15.91 | W10: =IF(OR($K10="",$Q10="",NOT(ISNUMBER($K10))),"",100*($Q10-$K10)/$K10) -> 0.0010569707 | X10: =IF(COUNT('GA Runs'!M26:M30)=0,"",AVERAGE('GA Runs'!M26:M30)) -> 971.182 | Y10: =IF(COUNT('GA Runs'!M26:M30)<2,"",_xlfn.STDEV.S('GA Runs'!M26:M30)) -> 34.33125 | Z10: =COUNT('GA Runs'!M26:M30) -> 5 | AA10: =IF($Z10=0,"",AVERAGEIF('GA Runs'!M26:M30,">=0",'GA Runs'!I26:I30)) -> 15.71 | AB10: 4800.14 | AC10: 1288.16 | AD10: 511.98 | AE10: 3000 | AF10: 1 | AG10: 0.64 | AH10: =IF(OR($AC10="",$R10="",$AC10=0),"",100*($AC10-$R10)/$AC10) -> 69.162992 | AI10: =IF($U10="","",100*($C10-$U10)/$C10) -> 100 | AJ10: =IF($AF10="","",100*($C10-$AF10)/$C10) -> 95 | AK10: =IF(OR($AI10="",$AJ10=""),"",$AI10-$AJ10) -> 5 | AL10: =IF($Q10="","",IF(ABS($Q10-SUM($R10:$T10))<0.05,"OK","CHECK")) -> OK
A11: 20-2-1 | B11: 10 | C11: 20 | D11: 4 | E11: 2 | F11: 0.1 | G11: 2 | H11: 18 | I11: 0.1 | J11: 2 | K11: 480.2 | L11: 2.7 | M11: 477.5 | N11: 0 | O11: 0 | P11: 4 | Q11: =IF(COUNT('GA Runs'!M31:M35)=0,"",MIN('GA Runs'!M31:M35)) -> 480.2 | R11: =IF($Q11="","",INDEX('GA Runs'!E31:E35,MATCH($Q11,'GA Runs'!M31:M35,0))) -> 2.72 | S11: =IF($Q11="","",INDEX('GA Runs'!F31:F35,MATCH($Q11,'GA Runs'!M31:M35,0))) -> 477.48 | T11: =IF($Q11="","",INDEX('GA Runs'!G31:G35,MATCH($Q11,'GA Runs'!M31:M35,0))) -> 0 | U11: =IF($Q11="","",INDEX('GA Runs'!H31:H35,MATCH($Q11,'GA Runs'!M31:M35,0))) -> 0 | V11: =IF($Q11="","",INDEX('GA Runs'!I31:I35,MATCH($Q11,'GA Runs'!M31:M35,0))) -> 22.66 | W11: =IF(OR($K11="",$Q11="",NOT(ISNUMBER($K11))),"",100*($Q11-$K11)/$K11) -> 0 | X11: =IF(COUNT('GA Runs'!M31:M35)=0,"",AVERAGE('GA Runs'!M31:M35)) -> 487.094 | Y11: =IF(COUNT('GA Runs'!M31:M35)<2,"",_xlfn.STDEV.S('GA Runs'!M31:M35)) -> 10.883464 | Z11: =COUNT('GA Runs'!M31:M35) -> 5 | AA11: =IF($Z11=0,"",AVERAGEIF('GA Runs'!M31:M35,">=0",'GA Runs'!I31:I35)) -> 21.386 | AB11: 699.67 | AC11: 189.72 | AD11: 509.95 | AE11: 0 | AF11: 0 | AG11: 6.41 | AH11: =IF(OR($AC11="",$R11="",$AC11=0),"",100*($AC11-$R11)/$AC11) -> 98.566308 | AI11: =IF($U11="","",100*($C11-$U11)/$C11) -> 100 | AJ11: =IF($AF11="","",100*($C11-$AF11)/$C11) -> 100 | AK11: =IF(OR($AI11="",$AJ11=""),"",$AI11-$AJ11) -> 0 | AL11: =IF($Q11="","",IF(ABS($Q11-SUM($R11:$T11))<0.05,"OK","CHECK")) -> OK
A12: 20-2-2 | B12: 10 | C12: 20 | D12: 4 | E12: 2 | F12: 0.25 | G12: 5 | H12: 15 | I12: 0.1 | J12: 2 | K12: 480.2 | L12: 2.7 | M12: 477.5 | N12: 0 | O12: 0 | P12: 2 | Q12: =IF(COUNT('GA Runs'!M36:M40)=0,"",MIN('GA Runs'!M36:M40)) -> 480.2 | R12: =IF($Q12="","",INDEX('GA Runs'!E36:E40,MATCH($Q12,'GA Runs'!M36:M40,0))) -> 2.72 | S12: =IF($Q12="","",INDEX('GA Runs'!F36:F40,MATCH($Q12,'GA Runs'!M36:M40,0))) -> 477.48 | T12: =IF($Q12="","",INDEX('GA Runs'!G36:G40,MATCH($Q12,'GA Runs'!M36:M40,0))) -> 0 | U12: =IF($Q12="","",INDEX('GA Runs'!H36:H40,MATCH($Q12,'GA Runs'!M36:M40,0))) -> 0 | V12: =IF($Q12="","",INDEX('GA Runs'!I36:I40,MATCH($Q12,'GA Runs'!M36:M40,0))) -> 21.29 | W12: =IF(OR($K12="",$Q12="",NOT(ISNUMBER($K12))),"",100*($Q12-$K12)/$K12) -> 0 | X12: =IF(COUNT('GA Runs'!M36:M40)=0,"",AVERAGE('GA Runs'!M36:M40)) -> 490.56 | Y12: =IF(COUNT('GA Runs'!M36:M40)<2,"",_xlfn.STDEV.S('GA Runs'!M36:M40)) -> 16.869412 | Z12: =COUNT('GA Runs'!M36:M40) -> 5 | AA12: =IF($Z12=0,"",AVERAGEIF('GA Runs'!M36:M40,">=0",'GA Runs'!I36:I40)) -> 20.63 | AB12: 1164.68 | AC12: 666.66 | AD12: 498.02 | AE12: 0 | AF12: 0 | AG12: 1.44 | AH12: =IF(OR($AC12="",$R12="",$AC12=0),"",100*($AC12-$R12)/$AC12) -> 99.591996 | AI12: =IF($U12="","",100*($C12-$U12)/$C12) -> 100 | AJ12: =IF($AF12="","",100*($C12-$AF12)/$C12) -> 100 | AK12: =IF(OR($AI12="",$AJ12=""),"",$AI12-$AJ12) -> 0 | AL12: =IF($Q12="","",IF(ABS($Q12-SUM($R12:$T12))<0.05,"OK","CHECK")) -> OK
A13: 20-2-3 | B13: 10 | C13: 20 | D13: 4 | E13: 2 | F13: 0.5 | G13: 10 | H13: 10 | I13: 0.1 | J13: 2 | K13: 561.4 | L13: 79.7 | M13: 481.7 | N13: 0 | O13: 0 | P13: 1 | Q13: =IF(COUNT('GA Runs'!M41:M45)=0,"",MIN('GA Runs'!M41:M45)) -> 561.4 | R13: =IF($Q13="","",INDEX('GA Runs'!E41:E45,MATCH($Q13,'GA Runs'!M41:M45,0))) -> 79.67 | S13: =IF($Q13="","",INDEX('GA Runs'!F41:F45,MATCH($Q13,'GA Runs'!M41:M45,0))) -> 481.73 | T13: =IF($Q13="","",INDEX('GA Runs'!G41:G45,MATCH($Q13,'GA Runs'!M41:M45,0))) -> 0 | U13: =IF($Q13="","",INDEX('GA Runs'!H41:H45,MATCH($Q13,'GA Runs'!M41:M45,0))) -> 0 | V13: =IF($Q13="","",INDEX('GA Runs'!I41:I45,MATCH($Q13,'GA Runs'!M41:M45,0))) -> 23.32 | W13: =IF(OR($K13="",$Q13="",NOT(ISNUMBER($K13))),"",100*($Q13-$K13)/$K13) -> 0 | X13: =IF(COUNT('GA Runs'!M41:M45)=0,"",AVERAGE('GA Runs'!M41:M45)) -> 565.998 | Y13: =IF(COUNT('GA Runs'!M41:M45)<2,"",_xlfn.STDEV.S('GA Runs'!M41:M45)) -> 10.281441 | Z13: =COUNT('GA Runs'!M41:M45) -> 5 | AA13: =IF($Z13=0,"",AVERAGEIF('GA Runs'!M41:M45,">=0",'GA Runs'!I41:I45)) -> 21.274 | AB13: 4261.99 | AC13: 772.21 | AD13: 489.78 | AE13: 3000 | AF13: 1 | AG13: 0.74 | AH13: =IF(OR($AC13="",$R13="",$AC13=0),"",100*($AC13-$R13)/$AC13) -> 89.682858 | AI13: =IF($U13="","",100*($C13-$U13)/$C13) -> 100 | AJ13: =IF($AF13="","",100*($C13-$AF13)/$C13) -> 95 | AK13: =IF(OR($AI13="",$AJ13=""),"",$AI13-$AJ13) -> 5 | AL13: =IF($Q13="","",IF(ABS($Q13-SUM($R13:$T13))<0.05,"OK","CHECK")) -> OK
A14: 20-2-4 | B14: 10 | C14: 20 | D14: 4 | E14: 2 | F14: 0.75 | G14: 15 | H14: 5 | I14: 0.1 | J14: 2 | K14: 792.4 | L14: 271.3 | M14: 521.1 | N14: 0 | O14: 0 | P14: 22 | Q14: =IF(COUNT('GA Runs'!M46:M50)=0,"",MIN('GA Runs'!M46:M50)) -> 794.98 | R14: =IF($Q14="","",INDEX('GA Runs'!E46:E50,MATCH($Q14,'GA Runs'!M46:M50,0))) -> 283.68 | S14: =IF($Q14="","",INDEX('GA Runs'!F46:F50,MATCH($Q14,'GA Runs'!M46:M50,0))) -> 511.3 | T14: =IF($Q14="","",INDEX('GA Runs'!G46:G50,MATCH($Q14,'GA Runs'!M46:M50,0))) -> 0 | U14: =IF($Q14="","",INDEX('GA Runs'!H46:H50,MATCH($Q14,'GA Runs'!M46:M50,0))) -> 0 | V14: =IF($Q14="","",INDEX('GA Runs'!I46:I50,MATCH($Q14,'GA Runs'!M46:M50,0))) -> 15.03 | W14: =IF(OR($K14="",$Q14="",NOT(ISNUMBER($K14))),"",100*($Q14-$K14)/$K14) -> 0.32559313 | X14: =IF(COUNT('GA Runs'!M46:M50)=0,"",AVERAGE('GA Runs'!M46:M50)) -> 801.504 | Y14: =IF(COUNT('GA Runs'!M46:M50)<2,"",_xlfn.STDEV.S('GA Runs'!M46:M50)) -> 8.9333549 | Z14: =COUNT('GA Runs'!M46:M50) -> 5 | AA14: =IF($Z14=0,"",AVERAGEIF('GA Runs'!M46:M50,">=0",'GA Runs'!I46:I50)) -> 14.928 | AB14: 4717.05 | AC14: 1229.45 | AD14: 487.6 | AE14: 3000 | AF14: 1 | AG14: 0.37 | AH14: =IF(OR($AC14="",$R14="",$AC14=0),"",100*($AC14-$R14)/$AC14) -> 76.926268 | AI14: =IF($U14="","",100*($C14-$U14)/$C14) -> 100 | AJ14: =IF($AF14="","",100*($C14-$AF14)/$C14) -> 95 | AK14: =IF(OR($AI14="",$AJ14=""),"",$AI14-$AJ14) -> 5 | AL14: =IF($Q14="","",IF(ABS($Q14-SUM($R14:$T14))<0.05,"OK","CHECK")) -> OK
A15: 20-2-5 | B15: 10 | C15: 20 | D15: 4 | E15: 2 | F15: 0.9 | G15: 18 | H15: 2 | I15: 0.1 | J15: 2 | K15: 850.1 | L15: 337.8 | M15: 512.3 | N15: 0 | O15: 0 | P15: 5 | Q15: =IF(COUNT('GA Runs'!M51:M55)=0,"",MIN('GA Runs'!M51:M55)) -> 850.08 | R15: =IF($Q15="","",INDEX('GA Runs'!E51:E55,MATCH($Q15,'GA Runs'!M51:M55,0))) -> 337.81 | S15: =IF($Q15="","",INDEX('GA Runs'!F51:F55,MATCH($Q15,'GA Runs'!M51:M55,0))) -> 512.27 | T15: =IF($Q15="","",INDEX('GA Runs'!G51:G55,MATCH($Q15,'GA Runs'!M51:M55,0))) -> 0 | U15: =IF($Q15="","",INDEX('GA Runs'!H51:H55,MATCH($Q15,'GA Runs'!M51:M55,0))) -> 0 | V15: =IF($Q15="","",INDEX('GA Runs'!I51:I55,MATCH($Q15,'GA Runs'!M51:M55,0))) -> 15.58 | W15: =IF(OR($K15="",$Q15="",NOT(ISNUMBER($K15))),"",100*($Q15-$K15)/$K15) -> -0.0023526644 | X15: =IF(COUNT('GA Runs'!M51:M55)=0,"",AVERAGE('GA Runs'!M51:M55)) -> 856.24 | Y15: =IF(COUNT('GA Runs'!M51:M55)<2,"",_xlfn.STDEV.S('GA Runs'!M51:M55)) -> 13.774179 | Z15: =COUNT('GA Runs'!M51:M55) -> 5 | AA15: =IF($Z15=0,"",AVERAGEIF('GA Runs'!M51:M55,">=0",'GA Runs'!I51:I55)) -> 15.066 | AB15: 1910.71 | AC15: 1393.09 | AD15: 517.62 | AE15: 0 | AF15: 0 | AG15: 0.36 | AH15: =IF(OR($AC15="",$R15="",$AC15=0),"",100*($AC15-$R15)/$AC15) -> 75.751028 | AI15: =IF($U15="","",100*($C15-$U15)/$C15) -> 100 | AJ15: =IF($AF15="","",100*($C15-$AF15)/$C15) -> 100 | AK15: =IF(OR($AI15="",$AJ15=""),"",$AI15-$AJ15) -> 0 | AL15: =IF($Q15="","",IF(ABS($Q15-SUM($R15:$T15))<0.05,"OK","CHECK")) -> OK
A16: 20-3-1 | B16: 42 | C16: 20 | D16: 4 | E16: 2 | F16: 0.1 | G16: 2 | H16: 18 | I16: 0.1 | J16: 2 | K16: 448.4 | L16: 0 | M16: 448.4 | N16: 0 | O16: 0 | P16: 2 | Q16: =IF(COUNT('GA Runs'!M56:M60)=0,"",MIN('GA Runs'!M56:M60)) -> 448.41 | R16: =IF($Q16="","",INDEX('GA Runs'!E56:E60,MATCH($Q16,'GA Runs'!M56:M60,0))) -> 0 | S16: =IF($Q16="","",INDEX('GA Runs'!F56:F60,MATCH($Q16,'GA Runs'!M56:M60,0))) -> 448.41 | T16: =IF($Q16="","",INDEX('GA Runs'!G56:G60,MATCH($Q16,'GA Runs'!M56:M60,0))) -> 0 | U16: =IF($Q16="","",INDEX('GA Runs'!H56:H60,MATCH($Q16,'GA Runs'!M56:M60,0))) -> 0 | V16: =IF($Q16="","",INDEX('GA Runs'!I56:I60,MATCH($Q16,'GA Runs'!M56:M60,0))) -> 23.49 | W16: =IF(OR($K16="",$Q16="",NOT(ISNUMBER($K16))),"",100*($Q16-$K16)/$K16) -> 0.0022301517 | X16: =IF(COUNT('GA Runs'!M56:M60)=0,"",AVERAGE('GA Runs'!M56:M60)) -> 454.208 | Y16: =IF(COUNT('GA Runs'!M56:M60)<2,"",_xlfn.STDEV.S('GA Runs'!M56:M60)) -> 6.5971714 | Z16: =COUNT('GA Runs'!M56:M60) -> 5 | AA16: =IF($Z16=0,"",AVERAGEIF('GA Runs'!M56:M60,">=0",'GA Runs'!I56:I60)) -> 21.784 | AB16: 704 | AC16: 270.67 | AD16: 433.33 | AE16: 0 | AF16: 0 | AG16: 1.54 | AH16: =IF(OR($AC16="",$R16="",$AC16=0),"",100*($AC16-$R16)/$AC16) -> 100 | AI16: =IF($U16="","",100*($C16-$U16)/$C16) -> 100 | AJ16: =IF($AF16="","",100*($C16-$AF16)/$C16) -> 100 | AK16: =IF(OR($AI16="",$AJ16=""),"",$AI16-$AJ16) -> 0 | AL16: =IF($Q16="","",IF(ABS($Q16-SUM($R16:$T16))<0.05,"OK","CHECK")) -> OK
A17: 20-3-2 | B17: 42 | C17: 20 | D17: 4 | E17: 2 | F17: 0.25 | G17: 5 | H17: 15 | I17: 0.1 | J17: 2 | K17: 462.8 | L17: 11.4 | M17: 451.4 | N17: 0 | O17: 0 | P17: 1 | Q17: =IF(COUNT('GA Runs'!M61:M65)=0,"",MIN('GA Runs'!M61:M65)) -> 475.18 | R17: =IF($Q17="","",INDEX('GA Runs'!E61:E65,MATCH($Q17,'GA Runs'!M61:M65,0))) -> 18.5 | S17: =IF($Q17="","",INDEX('GA Runs'!F61:F65,MATCH($Q17,'GA Runs'!M61:M65,0))) -> 456.68 | T17: =IF($Q17="","",INDEX('GA Runs'!G61:G65,MATCH($Q17,'GA Runs'!M61:M65,0))) -> 0 | U17: =IF($Q17="","",INDEX('GA Runs'!H61:H65,MATCH($Q17,'GA Runs'!M61:M65,0))) -> 0 | V17: =IF($Q17="","",INDEX('GA Runs'!I61:I65,MATCH($Q17,'GA Runs'!M61:M65,0))) -> 19.48 | W17: =IF(OR($K17="",$Q17="",NOT(ISNUMBER($K17))),"",100*($Q17-$K17)/$K17) -> 2.6750216 | X17: =IF(COUNT('GA Runs'!M61:M65)=0,"",AVERAGE('GA Runs'!M61:M65)) -> 488.964 | Y17: =IF(COUNT('GA Runs'!M61:M65)<2,"",_xlfn.STDEV.S('GA Runs'!M61:M65)) -> 12.104994 | Z17: =COUNT('GA Runs'!M61:M65) -> 5 | AA17: =IF($Z17=0,"",AVERAGEIF('GA Runs'!M61:M65,">=0",'GA Runs'!I61:I65)) -> 19.458 | AB17: 1132.37 | AC17: 640.78 | AD17: 491.59 | AE17: 0 | AF17: 0 | AG17: 1.85 | AH17: =IF(OR($AC17="",$R17="",$AC17=0),"",100*($AC17-$R17)/$AC17) -> 97.112894 | AI17: =IF($U17="","",100*($C17-$U17)/$C17) -> 100 | AJ17: =IF($AF17="","",100*($C17-$AF17)/$C17) -> 100 | AK17: =IF(OR($AI17="",$AJ17=""),"",$AI17-$AJ17) -> 0 | AL17: =IF($Q17="","",IF(ABS($Q17-SUM($R17:$T17))<0.05,"OK","CHECK")) -> OK
A18: 20-3-3 | B18: 42 | C18: 20 | D18: 4 | E18: 2 | F18: 0.5 | G18: 10 | H18: 10 | I18: 0.1 | J18: 2 | K18: 576.3 | L18: 121.2 | M18: 455.1 | N18: 0 | O18: 0 | P18: 3 | Q18: =IF(COUNT('GA Runs'!M66:M70)=0,"",MIN('GA Runs'!M66:M70)) -> 576.31 | R18: =IF($Q18="","",INDEX('GA Runs'!E66:E70,MATCH($Q18,'GA Runs'!M66:M70,0))) -> 121.19 | S18: =IF($Q18="","",INDEX('GA Runs'!F66:F70,MATCH($Q18,'GA Runs'!M66:M70,0))) -> 455.12 | T18: =IF($Q18="","",INDEX('GA Runs'!G66:G70,MATCH($Q18,'GA Runs'!M66:M70,0))) -> 0 | U18: =IF($Q18="","",INDEX('GA Runs'!H66:H70,MATCH($Q18,'GA Runs'!M66:M70,0))) -> 0 | V18: =IF($Q18="","",INDEX('GA Runs'!I66:I70,MATCH($Q18,'GA Runs'!M66:M70,0))) -> 19.2 | W18: =IF(OR($K18="",$Q18="",NOT(ISNUMBER($K18))),"",100*($Q18-$K18)/$K18) -> 0.0017352074 | X18: =IF(COUNT('GA Runs'!M66:M70)=0,"",AVERAGE('GA Runs'!M66:M70)) -> 702.518 | Y18: =IF(COUNT('GA Runs'!M66:M70)<2,"",_xlfn.STDEV.S('GA Runs'!M66:M70)) -> 71.273816 | Z18: =COUNT('GA Runs'!M66:M70) -> 5 | AA18: =IF($Z18=0,"",AVERAGEIF('GA Runs'!M66:M70,">=0",'GA Runs'!I66:I70)) -> 18.834 | AB18: 4121.43 | AC18: 656.95 | AD18: 464.47 | AE18: 3000 | AF18: 1 | AG18: 0.8 | AH18: =IF(OR($AC18="",$R18="",$AC18=0),"",100*($AC18-$R18)/$AC18) -> 81.55263 | AI18: =IF($U18="","",100*($C18-$U18)/$C18) -> 100 | AJ18: =IF($AF18="","",100*($C18-$AF18)/$C18) -> 95 | AK18: =IF(OR($AI18="",$AJ18=""),"",$AI18-$AJ18) -> 5 | AL18: =IF($Q18="","",IF(ABS($Q18-SUM($R18:$T18))<0.05,"OK","CHECK")) -> OK
A19: 20-3-4 | B19: 42 | C19: 20 | D19: 4 | E19: 2 | F19: 0.75 | G19: 15 | H19: 5 | I19: 0.1 | J19: 2 | K19: 803.8 | L19: 336.1 | M19: 467.7 | N19: 0 | O19: 0 | P19: 4 | Q19: =IF(COUNT('GA Runs'!M71:M75)=0,"",MIN('GA Runs'!M71:M75)) -> 805.65 | R19: =IF($Q19="","",INDEX('GA Runs'!E71:E75,MATCH($Q19,'GA Runs'!M71:M75,0))) -> 337.92 | S19: =IF($Q19="","",INDEX('GA Runs'!F71:F75,MATCH($Q19,'GA Runs'!M71:M75,0))) -> 467.73 | T19: =IF($Q19="","",INDEX('GA Runs'!G71:G75,MATCH($Q19,'GA Runs'!M71:M75,0))) -> 0 | U19: =IF($Q19="","",INDEX('GA Runs'!H71:H75,MATCH($Q19,'GA Runs'!M71:M75,0))) -> 0 | V19: =IF($Q19="","",INDEX('GA Runs'!I71:I75,MATCH($Q19,'GA Runs'!M71:M75,0))) -> 15.62 | W19: =IF(OR($K19="",$Q19="",NOT(ISNUMBER($K19))),"",100*($Q19-$K19)/$K19) -> 0.23015676 | X19: =IF(COUNT('GA Runs'!M71:M75)=0,"",AVERAGE('GA Runs'!M71:M75)) -> 855.034 | Y19: =IF(COUNT('GA Runs'!M71:M75)<2,"",_xlfn.STDEV.S('GA Runs'!M71:M75)) -> 48.348324 | Z19: =COUNT('GA Runs'!M71:M75) -> 5 | AA19: =IF($Z19=0,"",AVERAGEIF('GA Runs'!M71:M75,">=0",'GA Runs'!I71:I75)) -> 15.404 | AB19: 7487.96 | AC19: 1064.14 | AD19: 423.82 | AE19: 6000 | AF19: 2 | AG19: 0.64 | AH19: =IF(OR($AC19="",$R19="",$AC19=0),"",100*($AC19-$R19)/$AC19) -> 68.24478 | AI19: =IF($U19="","",100*($C19-$U19)/$C19) -> 100 | AJ19: =IF($AF19="","",100*($C19-$AF19)/$C19) -> 90 | AK19: =IF(OR($AI19="",$AJ19=""),"",$AI19-$AJ19) -> 10 | AL19: =IF($Q19="","",IF(ABS($Q19-SUM($R19:$T19))<0.05,"OK","CHECK")) -> OK
A20: 20-3-5 | B20: 42 | C20: 20 | D20: 4 | E20: 2 | F20: 0.9 | G20: 18 | H20: 2 | I20: 0.1 | J20: 2 | K20: 976.2 | L20: 429.9 | M20: 546.3 | N20: 0 | O20: 0 | P20: 14 | Q20: =IF(COUNT('GA Runs'!M76:M80)=0,"",MIN('GA Runs'!M76:M80)) -> 976.12 | R20: =IF($Q20="","",INDEX('GA Runs'!E76:E80,MATCH($Q20,'GA Runs'!M76:M80,0))) -> 429.86 | S20: =IF($Q20="","",INDEX('GA Runs'!F76:F80,MATCH($Q20,'GA Runs'!M76:M80,0))) -> 546.26 | T20: =IF($Q20="","",INDEX('GA Runs'!G76:G80,MATCH($Q20,'GA Runs'!M76:M80,0))) -> 0 | U20: =IF($Q20="","",INDEX('GA Runs'!H76:H80,MATCH($Q20,'GA Runs'!M76:M80,0))) -> 0 | V20: =IF($Q20="","",INDEX('GA Runs'!I76:I80,MATCH($Q20,'GA Runs'!M76:M80,0))) -> 15.14 | W20: =IF(OR($K20="",$Q20="",NOT(ISNUMBER($K20))),"",100*($Q20-$K20)/$K20) -> -0.008195042 | X20: =IF(COUNT('GA Runs'!M76:M80)=0,"",AVERAGE('GA Runs'!M76:M80)) -> 985.954 | Y20: =IF(COUNT('GA Runs'!M76:M80)<2,"",_xlfn.STDEV.S('GA Runs'!M76:M80)) -> 11.590586 | Z20: =COUNT('GA Runs'!M76:M80) -> 5 | AA20: =IF($Z20=0,"",AVERAGEIF('GA Runs'!M76:M80,">=0",'GA Runs'!I76:I80)) -> 15.028 | AB20: 5689.48 | AC20: 1283.47 | AD20: 406.01 | AE20: 4000 | AF20: 1 | AG20: 0.6 | AH20: =IF(OR($AC20="",$R20="",$AC20=0),"",100*($AC20-$R20)/$AC20) -> 66.507982 | AI20: =IF($U20="","",100*($C20-$U20)/$C20) -> 100 | AJ20: =IF($AF20="","",100*($C20-$AF20)/$C20) -> 95 | AK20: =IF(OR($AI20="",$AJ20=""),"",$AI20-$AJ20) -> 5 | AL20: =IF($Q20="","",IF(ABS($Q20-SUM($R20:$T20))<0.05,"OK","CHECK")) -> OK
A21: 20-4-1 | B21: 64 | C21: 20 | D21: 4 | E21: 2 | F21: 0.1 | G21: 2 | H21: 18 | I21: 0.1 | J21: 2 | K21: 524.2 | L21: 43.4 | M21: 480.8 | N21: 0 | O21: 0 | P21: 1 | Q21: =IF(COUNT('GA Runs'!M81:M85)=0,"",MIN('GA Runs'!M81:M85)) -> 525.31 | R21: =IF($Q21="","",INDEX('GA Runs'!E81:E85,MATCH($Q21,'GA Runs'!M81:M85,0))) -> 43.4 | S21: =IF($Q21="","",INDEX('GA Runs'!F81:F85,MATCH($Q21,'GA Runs'!M81:M85,0))) -> 481.91 | T21: =IF($Q21="","",INDEX('GA Runs'!G81:G85,MATCH($Q21,'GA Runs'!M81:M85,0))) -> 0 | U21: =IF($Q21="","",INDEX('GA Runs'!H81:H85,MATCH($Q21,'GA Runs'!M81:M85,0))) -> 0 | V21: =IF($Q21="","",INDEX('GA Runs'!I81:I85,MATCH($Q21,'GA Runs'!M81:M85,0))) -> 22.3 | W21: =IF(OR($K21="",$Q21="",NOT(ISNUMBER($K21))),"",100*($Q21-$K21)/$K21) -> 0.21175124 | X21: =IF(COUNT('GA Runs'!M81:M85)=0,"",AVERAGE('GA Runs'!M81:M85)) -> 528.404 | Y21: =IF(COUNT('GA Runs'!M81:M85)<2,"",_xlfn.STDEV.S('GA Runs'!M81:M85)) -> 4.2534903 | Z21: =COUNT('GA Runs'!M81:M85) -> 5 | AA21: =IF($Z21=0,"",AVERAGEIF('GA Runs'!M81:M85,">=0",'GA Runs'!I81:I85)) -> 21.224 | AB21: 646.31 | AC21: 163.54 | AD21: 482.77 | AE21: 0 | AF21: 0 | AG21: 1.8 | AH21: =IF(OR($AC21="",$R21="",$AC21=0),"",100*($AC21-$R21)/$AC21) -> 73.46215 | AI21: =IF($U21="","",100*($C21-$U21)/$C21) -> 100 | AJ21: =IF($AF21="","",100*($C21-$AF21)/$C21) -> 100 | AK21: =IF(OR($AI21="",$AJ21=""),"",$AI21-$AJ21) -> 0 | AL21: =IF($Q21="","",IF(ABS($Q21-SUM($R21:$T21))<0.05,"OK","CHECK")) -> OK
A22: 20-4-2 | B22: 64 | C22: 20 | D22: 4 | E22: 2 | F22: 0.25 | G22: 5 | H22: 15 | I22: 0.1 | J22: 2 | K22: 539.4 | L22: 43.4 | M22: 496 | N22: 0 | O22: 0 | P22: 1 | Q22: =IF(COUNT('GA Runs'!M86:M90)=0,"",MIN('GA Runs'!M86:M90)) -> 539.41 | R22: =IF($Q22="","",INDEX('GA Runs'!E86:E90,MATCH($Q22,'GA Runs'!M86:M90,0))) -> 43.4 | S22: =IF($Q22="","",INDEX('GA Runs'!F86:F90,MATCH($Q22,'GA Runs'!M86:M90,0))) -> 496.01 | T22: =IF($Q22="","",INDEX('GA Runs'!G86:G90,MATCH($Q22,'GA Runs'!M86:M90,0))) -> 0 | U22: =IF($Q22="","",INDEX('GA Runs'!H86:H90,MATCH($Q22,'GA Runs'!M86:M90,0))) -> 0 | V22: =IF($Q22="","",INDEX('GA Runs'!I86:I90,MATCH($Q22,'GA Runs'!M86:M90,0))) -> 21.88 | W22: =IF(OR($K22="",$Q22="",NOT(ISNUMBER($K22))),"",100*($Q22-$K22)/$K22) -> 0.0018539118 | X22: =IF(COUNT('GA Runs'!M86:M90)=0,"",AVERAGE('GA Runs'!M86:M90)) -> 544.34 | Y22: =IF(COUNT('GA Runs'!M86:M90)<2,"",_xlfn.STDEV.S('GA Runs'!M86:M90)) -> 8.3024274 | Z22: =COUNT('GA Runs'!M86:M90) -> 5 | AA22: =IF($Z22=0,"",AVERAGEIF('GA Runs'!M86:M90,">=0",'GA Runs'!I86:I90)) -> 21.276 | AB22: 929.76 | AC22: 426.3 | AD22: 503.46 | AE22: 0 | AF22: 0 | AG22: 1.56 | AH22: =IF(OR($AC22="",$R22="",$AC22=0),"",100*($AC22-$R22)/$AC22) -> 89.819376 | AI22: =IF($U22="","",100*($C22-$U22)/$C22) -> 100 | AJ22: =IF($AF22="","",100*($C22-$AF22)/$C22) -> 100 | AK22: =IF(OR($AI22="",$AJ22=""),"",$AI22-$AJ22) -> 0 | AL22: =IF($Q22="","",IF(ABS($Q22-SUM($R22:$T22))<0.05,"OK","CHECK")) -> OK
A23: 20-4-3 | B23: 64 | C23: 20 | D23: 4 | E23: 2 | F23: 0.5 | G23: 10 | H23: 10 | I23: 0.1 | J23: 2 | K23: 693.7 | L23: 194.2 | M23: 499.5 | N23: 0 | O23: 0 | P23: 1 | Q23: =IF(COUNT('GA Runs'!M91:M95)=0,"",MIN('GA Runs'!M91:M95)) -> 693.73 | R23: =IF($Q23="","",INDEX('GA Runs'!E91:E95,MATCH($Q23,'GA Runs'!M91:M95,0))) -> 194.24 | S23: =IF($Q23="","",INDEX('GA Runs'!F91:F95,MATCH($Q23,'GA Runs'!M91:M95,0))) -> 499.49 | T23: =IF($Q23="","",INDEX('GA Runs'!G91:G95,MATCH($Q23,'GA Runs'!M91:M95,0))) -> 0 | U23: =IF($Q23="","",INDEX('GA Runs'!H91:H95,MATCH($Q23,'GA Runs'!M91:M95,0))) -> 0 | V23: =IF($Q23="","",INDEX('GA Runs'!I91:I95,MATCH($Q23,'GA Runs'!M91:M95,0))) -> 13.85 | W23: =IF(OR($K23="",$Q23="",NOT(ISNUMBER($K23))),"",100*($Q23-$K23)/$K23) -> 0.004324636 | X23: =IF(COUNT('GA Runs'!M91:M95)=0,"",AVERAGE('GA Runs'!M91:M95)) -> 700.69 | Y23: =IF(COUNT('GA Runs'!M91:M95)<2,"",_xlfn.STDEV.S('GA Runs'!M91:M95)) -> 8.180599 | Z23: =COUNT('GA Runs'!M91:M95) -> 5 | AA23: =IF($Z23=0,"",AVERAGEIF('GA Runs'!M91:M95,">=0",'GA Runs'!I91:I95)) -> 15.052 | AB23: 1189.66 | AC23: 682.94 | AD23: 506.72 | AE23: 0 | AF23: 0 | AG23: 1.03 | AH23: =IF(OR($AC23="",$R23="",$AC23=0),"",100*($AC23-$R23)/$AC23) -> 71.558263 | AI23: =IF($U23="","",100*($C23-$U23)/$C23) -> 100 | AJ23: =IF($AF23="","",100*($C23-$AF23)/$C23) -> 100 | AK23: =IF(OR($AI23="",$AJ23=""),"",$AI23-$AJ23) -> 0 | AL23: =IF($Q23="","",IF(ABS($Q23-SUM($R23:$T23))<0.05,"OK","CHECK")) -> OK
A24: 20-4-4 | B24: 64 | C24: 20 | D24: 4 | E24: 2 | F24: 0.75 | G24: 15 | H24: 5 | I24: 0.1 | J24: 2 | K24: 1068.8 | L24: 493.9 | M24: 574.9 | N24: 0 | O24: 0 | P24: 11 | Q24: =IF(COUNT('GA Runs'!M96:M100)=0,"",MIN('GA Runs'!M96:M100)) -> 1068.82 | R24: =IF($Q24="","",INDEX('GA Runs'!E96:E100,MATCH($Q24,'GA Runs'!M96:M100,0))) -> 493.92 | S24: =IF($Q24="","",INDEX('GA Runs'!F96:F100,MATCH($Q24,'GA Runs'!M96:M100,0))) -> 574.9 | T24: =IF($Q24="","",INDEX('GA Runs'!G96:G100,MATCH($Q24,'GA Runs'!M96:M100,0))) -> 0 | U24: =IF($Q24="","",INDEX('GA Runs'!H96:H100,MATCH($Q24,'GA Runs'!M96:M100,0))) -> 0 | V24: =IF($Q24="","",INDEX('GA Runs'!I96:I100,MATCH($Q24,'GA Runs'!M96:M100,0))) -> 16.21 | W24: =IF(OR($K24="",$Q24="",NOT(ISNUMBER($K24))),"",100*($Q24-$K24)/$K24) -> 0.0018712575 | X24: =IF(COUNT('GA Runs'!M96:M100)=0,"",AVERAGE('GA Runs'!M96:M100)) -> 1115.544 | Y24: =IF(COUNT('GA Runs'!M96:M100)<2,"",_xlfn.STDEV.S('GA Runs'!M96:M100)) -> 43.360482 | Z24: =COUNT('GA Runs'!M96:M100) -> 5 | AA24: =IF($Z24=0,"",AVERAGEIF('GA Runs'!M96:M100,">=0",'GA Runs'!I96:I100)) -> 15.774 | AB24: 1957.42 | AC24: 1390.85 | AD24: 566.57 | AE24: 0 | AF24: 0 | AG24: 0.35 | AH24: =IF(OR($AC24="",$R24="",$AC24=0),"",100*($AC24-$R24)/$AC24) -> 64.487903 | AI24: =IF($U24="","",100*($C24-$U24)/$C24) -> 100 | AJ24: =IF($AF24="","",100*($C24-$AF24)/$C24) -> 100 | AK24: =IF(OR($AI24="",$AJ24=""),"",$AI24-$AJ24) -> 0 | AL24: =IF($Q24="","",IF(ABS($Q24-SUM($R24:$T24))<0.05,"OK","CHECK")) -> OK
A25: 20-4-5 | B25: 64 | C25: 20 | D25: 4 | E25: 2 | F25: 0.9 | G25: 18 | H25: 2 | I25: 0.1 | J25: 2 | K25: 1142.7 | L25: 600.6 | M25: 542.1 | N25: 0 | O25: 0 | P25: 10 | Q25: =IF(COUNT('GA Runs'!M101:M105)=0,"",MIN('GA Runs'!M101:M105)) -> 1142.7 | R25: =IF($Q25="","",INDEX('GA Runs'!E101:E105,MATCH($Q25,'GA Runs'!M101:M105,0))) -> 600.57 | S25: =IF($Q25="","",INDEX('GA Runs'!F101:F105,MATCH($Q25,'GA Runs'!M101:M105,0))) -> 542.14 | T25: =IF($Q25="","",INDEX('GA Runs'!G101:G105,MATCH($Q25,'GA Runs'!M101:M105,0))) -> 0 | U25: =IF($Q25="","",INDEX('GA Runs'!H101:H105,MATCH($Q25,'GA Runs'!M101:M105,0))) -> 0 | V25: =IF($Q25="","",INDEX('GA Runs'!I101:I105,MATCH($Q25,'GA Runs'!M101:M105,0))) -> 14.9 | W25: =IF(OR($K25="",$Q25="",NOT(ISNUMBER($K25))),"",100*($Q25-$K25)/$K25) -> 0 | X25: =IF(COUNT('GA Runs'!M101:M105)=0,"",AVERAGE('GA Runs'!M101:M105)) -> 1183.904 | Y25: =IF(COUNT('GA Runs'!M101:M105)<2,"",_xlfn.STDEV.S('GA Runs'!M101:M105)) -> 76.038162 | Z25: =COUNT('GA Runs'!M101:M105) -> 5 | AA25: =IF($Z25=0,"",AVERAGEIF('GA Runs'!M101:M105,">=0",'GA Runs'!I101:I105)) -> 15.244 | AB25: 5159.95 | AC25: 1641.77 | AD25: 518.17 | AE25: 3000 | AF25: 1 | AG25: 0.42 | AH25: =IF(OR($AC25="",$R25="",$AC25=0),"",100*($AC25-$R25)/$AC25) -> 63.419358 | AI25: =IF($U25="","",100*($C25-$U25)/$C25) -> 100 | AJ25: =IF($AF25="","",100*($C25-$AF25)/$C25) -> 95 | AK25: =IF(OR($AI25="",$AJ25=""),"",$AI25-$AJ25) -> 5 | AL25: =IF($Q25="","",IF(ABS($Q25-SUM($R25:$T25))<0.05,"OK","CHECK")) -> OK
A26: 20-5-1 | B26: 73 | C26: 20 | D26: 4 | E26: 2 | F26: 0.1 | G26: 2 | H26: 18 | I26: 0.1 | J26: 2 | K26: 481.2 | L26: 23.5 | M26: 457.7 | N26: 0 | O26: 0 | P26: 1 | Q26: =IF(COUNT('GA Runs'!M106:M110)=0,"",MIN('GA Runs'!M106:M110)) -> 484.04 | R26: =IF($Q26="","",INDEX('GA Runs'!E106:E110,MATCH($Q26,'GA Runs'!M106:M110,0))) -> 23.53 | S26: =IF($Q26="","",INDEX('GA Runs'!F106:F110,MATCH($Q26,'GA Runs'!M106:M110,0))) -> 460.52 | T26: =IF($Q26="","",INDEX('GA Runs'!G106:G110,MATCH($Q26,'GA Runs'!M106:M110,0))) -> 0 | U26: =IF($Q26="","",INDEX('GA Runs'!H106:H110,MATCH($Q26,'GA Runs'!M106:M110,0))) -> 0 | V26: =IF($Q26="","",INDEX('GA Runs'!I106:I110,MATCH($Q26,'GA Runs'!M106:M110,0))) -> 19.87 | W26: =IF(OR($K26="",$Q26="",NOT(ISNUMBER($K26))),"",100*($Q26-$K26)/$K26) -> 0.59019119 | X26: =IF(COUNT('GA Runs'!M106:M110)=0,"",AVERAGE('GA Runs'!M106:M110)) -> 499.354 | Y26: =IF(COUNT('GA Runs'!M106:M110)<2,"",_xlfn.STDEV.S('GA Runs'!M106:M110)) -> 9.662271 | Z26: =COUNT('GA Runs'!M106:M110) -> 5 | AA26: =IF($Z26=0,"",AVERAGEIF('GA Runs'!M106:M110,">=0",'GA Runs'!I106:I110)) -> 21.478 | AB26: 589.18 | AC26: 143.54 | AD26: 445.64 | AE26: 0 | AF26: 0 | AG26: 1.03 | AH26: =IF(OR($AC26="",$R26="",$AC26=0),"",100*($AC26-$R26)/$AC26) -> 83.607357 | AI26: =IF($U26="","",100*($C26-$U26)/$C26) -> 100 | AJ26: =IF($AF26="","",100*($C26-$AF26)/$C26) -> 100 | AK26: =IF(OR($AI26="",$AJ26=""),"",$AI26-$AJ26) -> 0 | AL26: =IF($Q26="","",IF(ABS($Q26-SUM($R26:$T26))<0.05,"OK","CHECK")) -> OK
A27: 20-5-2 | B27: 73 | C27: 20 | D27: 4 | E27: 2 | F27: 0.25 | G27: 5 | H27: 15 | I27: 0.1 | J27: 2 | K27: 503.2 | L27: 26.4 | M27: 476.8 | N27: 0 | O27: 0 | P27: 1 | Q27: =IF(COUNT('GA Runs'!M111:M115)=0,"",MIN('GA Runs'!M111:M115)) -> 503.19 | R27: =IF($Q27="","",INDEX('GA Runs'!E111:E115,MATCH($Q27,'GA Runs'!M111:M115,0))) -> 26.36 | S27: =IF($Q27="","",INDEX('GA Runs'!F111:F115,MATCH($Q27,'GA Runs'!M111:M115,0))) -> 476.83 | T27: =IF($Q27="","",INDEX('GA Runs'!G111:G115,MATCH($Q27,'GA Runs'!M111:M115,0))) -> 0 | U27: =IF($Q27="","",INDEX('GA Runs'!H111:H115,MATCH($Q27,'GA Runs'!M111:M115,0))) -> 0 | V27: =IF($Q27="","",INDEX('GA Runs'!I111:I115,MATCH($Q27,'GA Runs'!M111:M115,0))) -> 20.95 | W27: =IF(OR($K27="",$Q27="",NOT(ISNUMBER($K27))),"",100*($Q27-$K27)/$K27) -> -0.0019872814 | X27: =IF(COUNT('GA Runs'!M111:M115)=0,"",AVERAGE('GA Runs'!M111:M115)) -> 525.526 | Y27: =IF(COUNT('GA Runs'!M111:M115)<2,"",_xlfn.STDEV.S('GA Runs'!M111:M115)) -> 12.652371 | Z27: =COUNT('GA Runs'!M111:M115) -> 5 | AA27: =IF($Z27=0,"",AVERAGEIF('GA Runs'!M111:M115,">=0",'GA Runs'!I111:I115)) -> 21.164 | AB27: 958.14 | AC27: 508.93 | AD27: 449.21 | AE27: 0 | AF27: 0 | AG27: 1.03 | AH27: =IF(OR($AC27="",$R27="",$AC27=0),"",100*($AC27-$R27)/$AC27) -> 94.820506 | AI27: =IF($U27="","",100*($C27-$U27)/$C27) -> 100 | AJ27: =IF($AF27="","",100*($C27-$AF27)/$C27) -> 100 | AK27: =IF(OR($AI27="",$AJ27=""),"",$AI27-$AJ27) -> 0 | AL27: =IF($Q27="","",IF(ABS($Q27-SUM($R27:$T27))<0.05,"OK","CHECK")) -> OK
A28: 20-5-3 | B28: 73 | C28: 20 | D28: 4 | E28: 2 | F28: 0.5 | G28: 10 | H28: 10 | I28: 0.1 | J28: 2 | K28: 807.3 | L28: 278.4 | M28: 528.9 | N28: 0 | O28: 0 | P28: 5 | Q28: =IF(COUNT('GA Runs'!M116:M120)=0,"",MIN('GA Runs'!M116:M120)) -> 807.3 | R28: =IF($Q28="","",INDEX('GA Runs'!E116:E120,MATCH($Q28,'GA Runs'!M116:M120,0))) -> 278.42 | S28: =IF($Q28="","",INDEX('GA Runs'!F116:F120,MATCH($Q28,'GA Runs'!M116:M120,0))) -> 528.88 | T28: =IF($Q28="","",INDEX('GA Runs'!G116:G120,MATCH($Q28,'GA Runs'!M116:M120,0))) -> 0 | U28: =IF($Q28="","",INDEX('GA Runs'!H116:H120,MATCH($Q28,'GA Runs'!M116:M120,0))) -> 0 | V28: =IF($Q28="","",INDEX('GA Runs'!I116:I120,MATCH($Q28,'GA Runs'!M116:M120,0))) -> 16.01 | W28: =IF(OR($K28="",$Q28="",NOT(ISNUMBER($K28))),"",100*($Q28-$K28)/$K28) -> 0 | X28: =IF(COUNT('GA Runs'!M116:M120)=0,"",AVERAGE('GA Runs'!M116:M120)) -> 841.362 | Y28: =IF(COUNT('GA Runs'!M116:M120)<2,"",_xlfn.STDEV.S('GA Runs'!M116:M120)) -> 37.930893 | Z28: =COUNT('GA Runs'!M116:M120) -> 5 | AA28: =IF($Z28=0,"",AVERAGEIF('GA Runs'!M116:M120,">=0",'GA Runs'!I116:I120)) -> 15.89 | AB28: 1527.86 | AC28: 975.84 | AD28: 552.02 | AE28: 0 | AF28: 0 | AG28: 0.5 | AH28: =IF(OR($AC28="",$R28="",$AC28=0),"",100*($AC28-$R28)/$AC28) -> 71.468683 | AI28: =IF($U28="","",100*($C28-$U28)/$C28) -> 100 | AJ28: =IF($AF28="","",100*($C28-$AF28)/$C28) -> 100 | AK28: =IF(OR($AI28="",$AJ28=""),"",$AI28-$AJ28) -> 0 | AL28: =IF($Q28="","",IF(ABS($Q28-SUM($R28:$T28))<0.05,"OK","CHECK")) -> OK
A29: 20-5-4 | B29: 73 | C29: 20 | D29: 4 | E29: 2 | F29: 0.75 | G29: 15 | H29: 5 | I29: 0.1 | J29: 2 | K29: 936.4 | L29: 406 | M29: 530.4 | N29: 0 | O29: 0 | P29: 4 | Q29: =IF(COUNT('GA Runs'!M121:M125)=0,"",MIN('GA Runs'!M121:M125)) -> 936.39 | R29: =IF($Q29="","",INDEX('GA Runs'!E121:E125,MATCH($Q29,'GA Runs'!M121:M125,0))) -> 406 | S29: =IF($Q29="","",INDEX('GA Runs'!F121:F125,MATCH($Q29,'GA Runs'!M121:M125,0))) -> 530.39 | T29: =IF($Q29="","",INDEX('GA Runs'!G121:G125,MATCH($Q29,'GA Runs'!M121:M125,0))) -> 0 | U29: =IF($Q29="","",INDEX('GA Runs'!H121:H125,MATCH($Q29,'GA Runs'!M121:M125,0))) -> 0 | V29: =IF($Q29="","",INDEX('GA Runs'!I121:I125,MATCH($Q29,'GA Runs'!M121:M125,0))) -> 15.92 | W29: =IF(OR($K29="",$Q29="",NOT(ISNUMBER($K29))),"",100*($Q29-$K29)/$K29) -> -0.0010679197 | X29: =IF(COUNT('GA Runs'!M121:M125)=0,"",AVERAGE('GA Runs'!M121:M125)) -> 990.106 | Y29: =IF(COUNT('GA Runs'!M121:M125)<2,"",_xlfn.STDEV.S('GA Runs'!M121:M125)) -> 38.383234 | Z29: =COUNT('GA Runs'!M121:M125) -> 5 | AA29: =IF($Z29=0,"",AVERAGEIF('GA Runs'!M121:M125,">=0",'GA Runs'!I121:I125)) -> 15.912 | AB29: 1799.34 | AC29: 1240.48 | AD29: 558.87 | AE29: 0 | AF29: 0 | AG29: 0.79 | AH29: =IF(OR($AC29="",$R29="",$AC29=0),"",100*($AC29-$R29)/$AC29) -> 67.270734 | AI29: =IF($U29="","",100*($C29-$U29)/$C29) -> 100 | AJ29: =IF($AF29="","",100*($C29-$AF29)/$C29) -> 100 | AK29: =IF(OR($AI29="",$AJ29=""),"",$AI29-$AJ29) -> 0 | AL29: =IF($Q29="","",IF(ABS($Q29-SUM($R29:$T29))<0.05,"OK","CHECK")) -> OK
A30: 20-5-5 | B30: 73 | C30: 20 | D30: 4 | E30: 2 | F30: 0.9 | G30: 18 | H30: 2 | I30: 0.1 | J30: 2 | K30: 1354.8 | L30: 891.4 | M30: 463.4 | N30: 0 | O30: 0 | P30: 2225 | Q30: =IF(COUNT('GA Runs'!M126:M130)=0,"",MIN('GA Runs'!M126:M130)) -> 1357.49 | R30: =IF($Q30="","",INDEX('GA Runs'!E126:E130,MATCH($Q30,'GA Runs'!M126:M130,0))) -> 894.13 | S30: =IF($Q30="","",INDEX('GA Runs'!F126:F130,MATCH($Q30,'GA Runs'!M126:M130,0))) -> 463.37 | T30: =IF($Q30="","",INDEX('GA Runs'!G126:G130,MATCH($Q30,'GA Runs'!M126:M130,0))) -> 0 | U30: =IF($Q30="","",INDEX('GA Runs'!H126:H130,MATCH($Q30,'GA Runs'!M126:M130,0))) -> 0 | V30: =IF($Q30="","",INDEX('GA Runs'!I126:I130,MATCH($Q30,'GA Runs'!M126:M130,0))) -> 15.02 | W30: =IF(OR($K30="",$Q30="",NOT(ISNUMBER($K30))),"",100*($Q30-$K30)/$K30) -> 0.19855329 | X30: =IF(COUNT('GA Runs'!M126:M130)=0,"",AVERAGE('GA Runs'!M126:M130)) -> 1381.198 | Y30: =IF(COUNT('GA Runs'!M126:M130)<2,"",_xlfn.STDEV.S('GA Runs'!M126:M130)) -> 22.017245 | Z30: =COUNT('GA Runs'!M126:M130) -> 5 | AA30: =IF($Z30=0,"",AVERAGEIF('GA Runs'!M126:M130,">=0",'GA Runs'!I126:I130)) -> 15.13 | AB30: 2350.57 | AC30: 1870.89 | AD30: 479.68 | AE30: 0 | AF30: 0 | AG30: 0.89 | AH30: =IF(OR($AC30="",$R30="",$AC30=0),"",100*($AC30-$R30)/$AC30) -> 52.208307 | AI30: =IF($U30="","",100*($C30-$U30)/$C30) -> 100 | AJ30: =IF($AF30="","",100*($C30-$AF30)/$C30) -> 100 | AK30: =IF(OR($AI30="",$AJ30=""),"",$AI30-$AJ30) -> 0 | AL30: =IF($Q30="","",IF(ABS($Q30-SUM($R30:$T30))<0.05,"OK","CHECK")) -> OK
A31: 40-1-1 | B31: 5 | C31: 40 | D31: 8 | E31: 4 | F31: 0.1 | G31: 4 | H31: 36 | I31: 0.1 | J31: 4 | K31: 14868.3 | L31: 0 | M31: 868.3 | N31: 14000 | O31: 4 (4A) | P31: 175 | Q31: =IF(COUNT('GA Runs'!M131:M135)=0,"",MIN('GA Runs'!M131:M135)) -> 15857.752 | R31: =IF($Q31="","",INDEX('GA Runs'!E131:E135,MATCH($Q31,'GA Runs'!M131:M135,0))) -> 0 | S31: =IF($Q31="","",INDEX('GA Runs'!F131:F135,MATCH($Q31,'GA Runs'!M131:M135,0))) -> 857.752 | T31: =IF($Q31="","",INDEX('GA Runs'!G131:G135,MATCH($Q31,'GA Runs'!M131:M135,0))) -> 15000 | U31: =IF($Q31="","",INDEX('GA Runs'!H131:H135,MATCH($Q31,'GA Runs'!M131:M135,0))) -> 15 | V31: =IF($Q31="","",INDEX('GA Runs'!I131:I135,MATCH($Q31,'GA Runs'!M131:M135,0))) -> 38.416 | W31: =IF(OR($K31="",$Q31="",NOT(ISNUMBER($K31))),"",100*($Q31-$K31)/$K31) -> 6.6547756 | X31: =IF(COUNT('GA Runs'!M131:M135)=0,"",AVERAGE('GA Runs'!M131:M135)) -> 17311.055 | Y31: =IF(COUNT('GA Runs'!M131:M135)<2,"",_xlfn.STDEV.S('GA Runs'!M131:M135)) -> 1127.8179 | Z31: =COUNT('GA Runs'!M131:M135) -> 5 | AA31: =IF($Z31=0,"",AVERAGEIF('GA Runs'!M131:M135,">=0",'GA Runs'!I131:I135)) -> 39.0598 | AB31: 15271.76 | AC31: 343.28 | AD31: 928.49 | AE31: 14000 | AF31: 4 | AG31: 281.31 | AH31: =IF(OR($AC31="",$R31="",$AC31=0),"",100*($AC31-$R31)/$AC31) -> 100 | AI31: =IF($U31="","",100*($C31-$U31)/$C31) -> 62.5 | AJ31: =IF($AF31="","",100*($C31-$AF31)/$C31) -> 90 | AK31: =IF(OR($AI31="",$AJ31=""),"",$AI31-$AJ31) -> -27.5 | AL31: =IF($Q31="","",IF(ABS($Q31-SUM($R31:$T31))<0.05,"OK","CHECK")) -> OK
A32: 40-1-2 | B32: 5 | C32: 40 | D32: 8 | E32: 4 | F32: 0.25 | G32: 10 | H32: 30 | I32: 0.1 | J32: 4 | K32: 14978.6 | L32: 73.9 | M32: 904.7 | N32: 14000 | O32: 4 (4A) | P32: 47 | Q32: =IF(COUNT('GA Runs'!M136:M140)=0,"",MIN('GA Runs'!M136:M140)) -> 15004.813 | R32: =IF($Q32="","",INDEX('GA Runs'!E136:E140,MATCH($Q32,'GA Runs'!M136:M140,0))) -> 52.82 | S32: =IF($Q32="","",INDEX('GA Runs'!F136:F140,MATCH($Q32,'GA Runs'!M136:M140,0))) -> 951.993 | T32: =IF($Q32="","",INDEX('GA Runs'!G136:G140,MATCH($Q32,'GA Runs'!M136:M140,0))) -> 14000 | U32: =IF($Q32="","",INDEX('GA Runs'!H136:H140,MATCH($Q32,'GA Runs'!M136:M140,0))) -> 14 | V32: =IF($Q32="","",INDEX('GA Runs'!I136:I140,MATCH($Q32,'GA Runs'!M136:M140,0))) -> 40.321 | W32: =IF(OR($K32="",$Q32="",NOT(ISNUMBER($K32))),"",100*($Q32-$K32)/$K32) -> 0.175003 | X32: =IF(COUNT('GA Runs'!M136:M140)=0,"",AVERAGE('GA Runs'!M136:M140)) -> 16578.254 | Y32: =IF(COUNT('GA Runs'!M136:M140)<2,"",_xlfn.STDEV.S('GA Runs'!M136:M140)) -> 1131.3443 | Z32: =COUNT('GA Runs'!M136:M140) -> 5 | AA32: =IF($Z32=0,"",AVERAGEIF('GA Runs'!M136:M140,">=0",'GA Runs'!I136:I140)) -> 41.342 | AB32: 17769.29 | AC32: 847.13 | AD32: 922.16 | AE32: 16000 | AF32: 5 | AG32: 150.62 | AH32: =IF(OR($AC32="",$R32="",$AC32=0),"",100*($AC32-$R32)/$AC32) -> 93.764829 | AI32: =IF($U32="","",100*($C32-$U32)/$C32) -> 65 | AJ32: =IF($AF32="","",100*($C32-$AF32)/$C32) -> 87.5 | AK32: =IF(OR($AI32="",$AJ32=""),"",$AI32-$AJ32) -> -22.5 | AL32: =IF($Q32="","",IF(ABS($Q32-SUM($R32:$T32))<0.05,"OK","CHECK")) -> OK
A33: 40-1-3 | B33: 5 | C33: 40 | D33: 8 | E33: 4 | F33: 0.5 | G33: 20 | H33: 20 | I33: 0.1 | J33: 4 | K33: 15462.9 | L33: 554.7 | M33: 908.2 | N33: 14000 | O33: 4 (2A + 2D) | P33: 163 | Q33: =IF(COUNT('GA Runs'!M141:M145)=0,"",MIN('GA Runs'!M141:M145)) -> 15842.53 | R33: =IF($Q33="","",INDEX('GA Runs'!E141:E145,MATCH($Q33,'GA Runs'!M141:M145,0))) -> 909.81 | S33: =IF($Q33="","",INDEX('GA Runs'!F141:F145,MATCH($Q33,'GA Runs'!M141:M145,0))) -> 932.719 | T33: =IF($Q33="","",INDEX('GA Runs'!G141:G145,MATCH($Q33,'GA Runs'!M141:M145,0))) -> 14000 | U33: =IF($Q33="","",INDEX('GA Runs'!H141:H145,MATCH($Q33,'GA Runs'!M141:M145,0))) -> 14 | V33: =IF($Q33="","",INDEX('GA Runs'!I141:I145,MATCH($Q33,'GA Runs'!M141:M145,0))) -> 40.446 | W33: =IF(OR($K33="",$Q33="",NOT(ISNUMBER($K33))),"",100*($Q33-$K33)/$K33) -> 2.4551022 | X33: =IF(COUNT('GA Runs'!M141:M145)=0,"",AVERAGE('GA Runs'!M141:M145)) -> 17742.885 | Y33: =IF(COUNT('GA Runs'!M141:M145)<2,"",_xlfn.STDEV.S('GA Runs'!M141:M145)) -> 1285.8515 | Z33: =COUNT('GA Runs'!M141:M145) -> 5 | AA33: =IF($Z33=0,"",AVERAGEIF('GA Runs'!M141:M145,">=0",'GA Runs'!I141:I145)) -> 38.985 | AB33: 20394.86 | AC33: 1394.05 | AD33: 1000.8 | AE33: 18000 | AF33: 5 | AG33: 52.32 | AH33: =IF(OR($AC33="",$R33="",$AC33=0),"",100*($AC33-$R33)/$AC33) -> 34.7362 | AI33: =IF($U33="","",100*($C33-$U33)/$C33) -> 65 | AJ33: =IF($AF33="","",100*($C33-$AF33)/$C33) -> 87.5 | AK33: =IF(OR($AI33="",$AJ33=""),"",$AI33-$AJ33) -> -22.5 | AL33: =IF($Q33="","",IF(ABS($Q33-SUM($R33:$T33))<0.05,"OK","CHECK")) -> OK
A34: 40-1-4 | B34: 5 | C34: 40 | D34: 8 | E34: 4 | F34: 0.75 | G34: 30 | H34: 10 | I34: 0.1 | J34: 4 | K34: 15984.8 | L34: 1094 | M34: 890.8 | N34: 14000 | O34: 4 (2A + 2D) | P34: 544 | Q34: =IF(COUNT('GA Runs'!M146:M150)=0,"",MIN('GA Runs'!M146:M150)) -> 16187.873 | R34: =IF($Q34="","",INDEX('GA Runs'!E146:E150,MATCH($Q34,'GA Runs'!M146:M150,0))) -> 1243.09 | S34: =IF($Q34="","",INDEX('GA Runs'!F146:F150,MATCH($Q34,'GA Runs'!M146:M150,0))) -> 944.783 | T34: =IF($Q34="","",INDEX('GA Runs'!G146:G150,MATCH($Q34,'GA Runs'!M146:M150,0))) -> 14000 | U34: =IF($Q34="","",INDEX('GA Runs'!H146:H150,MATCH($Q34,'GA Runs'!M146:M150,0))) -> 14 | V34: =IF($Q34="","",INDEX('GA Runs'!I146:I150,MATCH($Q34,'GA Runs'!M146:M150,0))) -> 42.499 | W34: =IF(OR($K34="",$Q34="",NOT(ISNUMBER($K34))),"",100*($Q34-$K34)/$K34) -> 1.2704131 | X34: =IF(COUNT('GA Runs'!M146:M150)=0,"",AVERAGE('GA Runs'!M146:M150)) -> 17560.997 | Y34: =IF(COUNT('GA Runs'!M146:M150)<2,"",_xlfn.STDEV.S('GA Runs'!M146:M150)) -> 1252.298 | Z34: =COUNT('GA Runs'!M146:M150) -> 5 | AA34: =IF($Z34=0,"",AVERAGEIF('GA Runs'!M146:M150,">=0",'GA Runs'!I146:I150)) -> 39.7154 | AB34: 25885.03 | AC34: 1949.47 | AD34: 935.56 | AE34: 23000 | AF34: 6 | AG34: 2.3 | AH34: =IF(OR($AC34="",$R34="",$AC34=0),"",100*($AC34-$R34)/$AC34) -> 36.234464 | AI34: =IF($U34="","",100*($C34-$U34)/$C34) -> 65 | AJ34: =IF($AF34="","",100*($C34-$AF34)/$C34) -> 85 | AK34: =IF(OR($AI34="",$AJ34=""),"",$AI34-$AJ34) -> -20 | AL34: =IF($Q34="","",IF(ABS($Q34-SUM($R34:$T34))<0.05,"OK","CHECK")) -> OK
A35: 40-1-5 | B35: 5 | C35: 40 | D35: 8 | E35: 4 | F35: 0.9 | G35: 36 | H35: 4 | I35: 0.1 | J35: 4 | K35: N/A | L35: N/A | M35: N/A | N35: N/A | O35: N/A | P35: 21600 | Q35: =IF(COUNT('GA Runs'!M151:M155)=0,"",MIN('GA Runs'!M151:M155)) -> 15092.933 | R35: =IF($Q35="","",INDEX('GA Runs'!E151:E155,MATCH($Q35,'GA Runs'!M151:M155,0))) -> 1155.142 | S35: =IF($Q35="","",INDEX('GA Runs'!F151:F155,MATCH($Q35,'GA Runs'!M151:M155,0))) -> 937.791 | T35: =IF($Q35="","",INDEX('GA Runs'!G151:G155,MATCH($Q35,'GA Runs'!M151:M155,0))) -> 13000 | U35: =IF($Q35="","",INDEX('GA Runs'!H151:H155,MATCH($Q35,'GA Runs'!M151:M155,0))) -> 13 | V35: =IF($Q35="","",INDEX('GA Runs'!I151:I155,MATCH($Q35,'GA Runs'!M151:M155,0))) -> 40.99 | W35: =IF(OR($K35="",$Q35="",NOT(ISNUMBER($K35))),"",100*($Q35-$K35)/$K35) | X35: =IF(COUNT('GA Runs'!M151:M155)=0,"",AVERAGE('GA Runs'!M151:M155)) -> 15152.181 | Y35: =IF(COUNT('GA Runs'!M151:M155)<2,"",_xlfn.STDEV.S('GA Runs'!M151:M155)) -> 53.868773 | Z35: =COUNT('GA Runs'!M151:M155) -> 5 | AA35: =IF($Z35=0,"",AVERAGEIF('GA Runs'!M151:M155,">=0",'GA Runs'!I151:I155)) -> 39.2122 | AB35: 20618.97 | AC35: 2701.89 | AD35: 917.08 | AE35: 17000 | AF35: 5 | AG35: 4.74 | AH35: =IF(OR($AC35="",$R35="",$AC35=0),"",100*($AC35-$R35)/$AC35) -> 57.24689 | AI35: =IF($U35="","",100*($C35-$U35)/$C35) -> 67.5 | AJ35: =IF($AF35="","",100*($C35-$AF35)/$C35) -> 87.5 | AK35: =IF(OR($AI35="",$AJ35=""),"",$AI35-$AJ35) -> -20 | AL35: =IF($Q35="","",IF(ABS($Q35-SUM($R35:$T35))<0.05,"OK","CHECK")) -> OK
A36: 40-2-1 | B36: 73 | C36: 40 | D36: 8 | E36: 4 | F36: 0.1 | G36: 4 | H36: 36 | I36: 0.1 | J36: 4 | K36: 4163.1 | L36: 349.4 | M36: 813.7 | N36: 3000 | O36: 1 (1A) | P36: 23 | Q36: =IF(COUNT('GA Runs'!M156:M160)=0,"",MIN('GA Runs'!M156:M160)) -> 4170.231 | R36: =IF($Q36="","",INDEX('GA Runs'!E156:E160,MATCH($Q36,'GA Runs'!M156:M160,0))) -> 349.436 | S36: =IF($Q36="","",INDEX('GA Runs'!F156:F160,MATCH($Q36,'GA Runs'!M156:M160,0))) -> 820.795 | T36: =IF($Q36="","",INDEX('GA Runs'!G156:G160,MATCH($Q36,'GA Runs'!M156:M160,0))) -> 3000 | U36: =IF($Q36="","",INDEX('GA Runs'!H156:H160,MATCH($Q36,'GA Runs'!M156:M160,0))) -> 3 | V36: =IF($Q36="","",INDEX('GA Runs'!I156:I160,MATCH($Q36,'GA Runs'!M156:M160,0))) -> 43.443 | W36: =IF(OR($K36="",$Q36="",NOT(ISNUMBER($K36))),"",100*($Q36-$K36)/$K36) -> 0.17129062 | X36: =IF(COUNT('GA Runs'!M156:M160)=0,"",AVERAGE('GA Runs'!M156:M160)) -> 6981.1318 | Y36: =IF(COUNT('GA Runs'!M156:M160)<2,"",_xlfn.STDEV.S('GA Runs'!M156:M160)) -> 1608.7276 | Z36: =COUNT('GA Runs'!M156:M160) -> 5 | AA36: =IF($Z36=0,"",AVERAGEIF('GA Runs'!M156:M160,">=0",'GA Runs'!I156:I160)) -> 41.0614 | AB36: 4324.35 | AC36: 510.54 | AD36: 813.8 | AE36: 3000 | AF36: 1 | AG36: 11.16 | AH36: =IF(OR($AC36="",$R36="",$AC36=0),"",100*($AC36-$R36)/$AC36) -> 31.555608 | AI36: =IF($U36="","",100*($C36-$U36)/$C36) -> 92.5 | AJ36: =IF($AF36="","",100*($C36-$AF36)/$C36) -> 97.5 | AK36: =IF(OR($AI36="",$AJ36=""),"",$AI36-$AJ36) -> -5 | AL36: =IF($Q36="","",IF(ABS($Q36-SUM($R36:$T36))<0.05,"OK","CHECK")) -> OK
A37: 40-2-2 | B37: 73 | C37: 40 | D37: 8 | E37: 4 | F37: 0.25 | G37: 10 | H37: 30 | I37: 0.1 | J37: 4 | K37: 4398.8 | L37: 583.9 | M37: 815 | N37: 3000 | O37: 1 (1A) | P37: 34 | Q37: =IF(COUNT('GA Runs'!M161:M165)=0,"",MIN('GA Runs'!M161:M165)) -> 4488.228 | R37: =IF($Q37="","",INDEX('GA Runs'!E161:E165,MATCH($Q37,'GA Runs'!M161:M165,0))) -> 691.204 | S37: =IF($Q37="","",INDEX('GA Runs'!F161:F165,MATCH($Q37,'GA Runs'!M161:M165,0))) -> 797.024 | T37: =IF($Q37="","",INDEX('GA Runs'!G161:G165,MATCH($Q37,'GA Runs'!M161:M165,0))) -> 3000 | U37: =IF($Q37="","",INDEX('GA Runs'!H161:H165,MATCH($Q37,'GA Runs'!M161:M165,0))) -> 3 | V37: =IF($Q37="","",INDEX('GA Runs'!I161:I165,MATCH($Q37,'GA Runs'!M161:M165,0))) -> 44.216 | W37: =IF(OR($K37="",$Q37="",NOT(ISNUMBER($K37))),"",100*($Q37-$K37)/$K37) -> 2.033009 | X37: =IF(COUNT('GA Runs'!M161:M165)=0,"",AVERAGE('GA Runs'!M161:M165)) -> 4555.904 | Y37: =IF(COUNT('GA Runs'!M161:M165)<2,"",_xlfn.STDEV.S('GA Runs'!M161:M165)) -> 63.651172 | Z37: =COUNT('GA Runs'!M161:M165) -> 5 | AA37: =IF($Z37=0,"",AVERAGEIF('GA Runs'!M161:M165,">=0",'GA Runs'!I161:I165)) -> 43.1338 | AB37: 5020.24 | AC37: 1209.82 | AD37: 810.42 | AE37: 3000 | AF37: 1 | AG37: 13.98 | AH37: =IF(OR($AC37="",$R37="",$AC37=0),"",100*($AC37-$R37)/$AC37) -> 42.867203 | AI37: =IF($U37="","",100*($C37-$U37)/$C37) -> 92.5 | AJ37: =IF($AF37="","",100*($C37-$AF37)/$C37) -> 97.5 | AK37: =IF(OR($AI37="",$AJ37=""),"",$AI37-$AJ37) -> -5 | AL37: =IF($Q37="","",IF(ABS($Q37-SUM($R37:$T37))<0.05,"OK","CHECK")) -> OK
A38: 40-2-3 | B38: 73 | C38: 40 | D38: 8 | E38: 4 | F38: 0.5 | G38: 20 | H38: 20 | I38: 0.1 | J38: 4 | K38: 4357.2 | L38: 453.2 | M38: 904 | N38: 3000 | O38: 1 (1D) | P38: 21 | Q38: =IF(COUNT('GA Runs'!M166:M170)=0,"",MIN('GA Runs'!M166:M170)) -> 4364.67 | R38: =IF($Q38="","",INDEX('GA Runs'!E166:E170,MATCH($Q38,'GA Runs'!M166:M170,0))) -> 458.359 | S38: =IF($Q38="","",INDEX('GA Runs'!F166:F170,MATCH($Q38,'GA Runs'!M166:M170,0))) -> 906.31 | T38: =IF($Q38="","",INDEX('GA Runs'!G166:G170,MATCH($Q38,'GA Runs'!M166:M170,0))) -> 3000 | U38: =IF($Q38="","",INDEX('GA Runs'!H166:H170,MATCH($Q38,'GA Runs'!M166:M170,0))) -> 3 | V38: =IF($Q38="","",INDEX('GA Runs'!I166:I170,MATCH($Q38,'GA Runs'!M166:M170,0))) -> 46.977 | W38: =IF(OR($K38="",$Q38="",NOT(ISNUMBER($K38))),"",100*($Q38-$K38)/$K38) -> 0.17144037 | X38: =IF(COUNT('GA Runs'!M166:M170)=0,"",AVERAGE('GA Runs'!M166:M170)) -> 4408.3748 | Y38: =IF(COUNT('GA Runs'!M166:M170)<2,"",_xlfn.STDEV.S('GA Runs'!M166:M170)) -> 33.029958 | Z38: =COUNT('GA Runs'!M166:M170) -> 5 | AA38: =IF($Z38=0,"",AVERAGEIF('GA Runs'!M166:M170,">=0",'GA Runs'!I166:I170)) -> 43.4704 | AB38: 6470.7 | AC38: 1505.09 | AD38: 965.62 | AE38: 4000 | AF38: 1 | AG38: 3.17 | AH38: =IF(OR($AC38="",$R38="",$AC38=0),"",100*($AC38-$R38)/$AC38) -> 69.546074 | AI38: =IF($U38="","",100*($C38-$U38)/$C38) -> 92.5 | AJ38: =IF($AF38="","",100*($C38-$AF38)/$C38) -> 97.5 | AK38: =IF(OR($AI38="",$AJ38=""),"",$AI38-$AJ38) -> -5 | AL38: =IF($Q38="","",IF(ABS($Q38-SUM($R38:$T38))<0.05,"OK","CHECK")) -> OK
A39: 40-2-4 | B39: 73 | C39: 40 | D39: 8 | E39: 4 | F39: 0.75 | G39: 30 | H39: 10 | I39: 0.1 | J39: 4 | K39: 5028 | L39: 1083.5 | M39: 944.5 | N39: 3000 | O39: 1 (1D) | P39: 1295 | Q39: =IF(COUNT('GA Runs'!M171:M175)=0,"",MIN('GA Runs'!M171:M175)) -> 5054.642 | R39: =IF($Q39="","",INDEX('GA Runs'!E171:E175,MATCH($Q39,'GA Runs'!M171:M175,0))) -> 1118.519 | S39: =IF($Q39="","",INDEX('GA Runs'!F171:F175,MATCH($Q39,'GA Runs'!M171:M175,0))) -> 936.123 | T39: =IF($Q39="","",INDEX('GA Runs'!G171:G175,MATCH($Q39,'GA Runs'!M171:M175,0))) -> 3000 | U39: =IF($Q39="","",INDEX('GA Runs'!H171:H175,MATCH($Q39,'GA Runs'!M171:M175,0))) -> 3 | V39: =IF($Q39="","",INDEX('GA Runs'!I171:I175,MATCH($Q39,'GA Runs'!M171:M175,0))) -> 45.711 | W39: =IF(OR($K39="",$Q39="",NOT(ISNUMBER($K39))),"",100*($Q39-$K39)/$K39) -> 0.52987271 | X39: =IF(COUNT('GA Runs'!M171:M175)=0,"",AVERAGE('GA Runs'!M171:M175)) -> 5111.764 | Y39: =IF(COUNT('GA Runs'!M171:M175)<2,"",_xlfn.STDEV.S('GA Runs'!M171:M175)) -> 44.678037 | Z39: =COUNT('GA Runs'!M171:M175) -> 5 | AA39: =IF($Z39=0,"",AVERAGEIF('GA Runs'!M171:M175,">=0",'GA Runs'!I171:I175)) -> 45.8918 | AB39: 10277.64 | AC39: 2306.15 | AD39: 971.49 | AE39: 7000 | AF39: 2 | AG39: 3.22 | AH39: =IF(OR($AC39="",$R39="",$AC39=0),"",100*($AC39-$R39)/$AC39) -> 51.498428 | AI39: =IF($U39="","",100*($C39-$U39)/$C39) -> 92.5 | AJ39: =IF($AF39="","",100*($C39-$AF39)/$C39) -> 95 | AK39: =IF(OR($AI39="",$AJ39=""),"",$AI39-$AJ39) -> -2.5 | AL39: =IF($Q39="","",IF(ABS($Q39-SUM($R39:$T39))<0.05,"OK","CHECK")) -> OK
A40: 40-2-5 | B40: 73 | C40: 40 | D40: 8 | E40: 4 | F40: 0.9 | G40: 36 | H40: 4 | I40: 0.1 | J40: 4 | K40: 6467.2 | L40: 1501 | M40: 966.2 | N40: 4000 | O40: 1 (1D) | P40: 923 | Q40: =IF(COUNT('GA Runs'!M176:M180)=0,"",MIN('GA Runs'!M176:M180)) -> 6527.983 | R40: =IF($Q40="","",INDEX('GA Runs'!E176:E180,MATCH($Q40,'GA Runs'!M176:M180,0))) -> 1535.148 | S40: =IF($Q40="","",INDEX('GA Runs'!F176:F180,MATCH($Q40,'GA Runs'!M176:M180,0))) -> 992.835 | T40: =IF($Q40="","",INDEX('GA Runs'!G176:G180,MATCH($Q40,'GA Runs'!M176:M180,0))) -> 4000 | U40: =IF($Q40="","",INDEX('GA Runs'!H176:H180,MATCH($Q40,'GA Runs'!M176:M180,0))) -> 4 | V40: =IF($Q40="","",INDEX('GA Runs'!I176:I180,MATCH($Q40,'GA Runs'!M176:M180,0))) -> 44.388 | W40: =IF(OR($K40="",$Q40="",NOT(ISNUMBER($K40))),"",100*($Q40-$K40)/$K40) -> 0.93986578 | X40: =IF(COUNT('GA Runs'!M176:M180)=0,"",AVERAGE('GA Runs'!M176:M180)) -> 6906.568 | Y40: =IF(COUNT('GA Runs'!M176:M180)<2,"",_xlfn.STDEV.S('GA Runs'!M176:M180)) -> 821.04903 | Z40: =COUNT('GA Runs'!M176:M180) -> 5 | AA40: =IF($Z40=0,"",AVERAGEIF('GA Runs'!M176:M180,">=0",'GA Runs'!I176:I180)) -> 45.0972 | AB40: 10592.87 | AC40: 2622.29 | AD40: 970.58 | AE40: 7000 | AF40: 2 | AG40: 4.85 | AH40: =IF(OR($AC40="",$R40="",$AC40=0),"",100*($AC40-$R40)/$AC40) -> 41.457734 | AI40: =IF($U40="","",100*($C40-$U40)/$C40) -> 90 | AJ40: =IF($AF40="","",100*($C40-$AF40)/$C40) -> 95 | AK40: =IF(OR($AI40="",$AJ40=""),"",$AI40-$AJ40) -> -5 | AL40: =IF($Q40="","",IF(ABS($Q40-SUM($R40:$T40))<0.05,"OK","CHECK")) -> OK
A41: 40-3-1 | B41: 20 | C41: 40 | D41: 8 | E41: 4 | F41: 0.1 | G41: 4 | H41: 36 | I41: 0.1 | J41: 4 | K41: 9909.7 | L41: 20.8 | M41: 888.9 | N41: 9000 | O41: 3 (3A) | P41: 610 | Q41: =IF(COUNT('GA Runs'!M181:M185)=0,"",MIN('GA Runs'!M181:M185)) -> 9948.301 | R41: =IF($Q41="","",INDEX('GA Runs'!E181:E185,MATCH($Q41,'GA Runs'!M181:M185,0))) -> 20.801 | S41: =IF($Q41="","",INDEX('GA Runs'!F181:F185,MATCH($Q41,'GA Runs'!M181:M185,0))) -> 927.5 | T41: =IF($Q41="","",INDEX('GA Runs'!G181:G185,MATCH($Q41,'GA Runs'!M181:M185,0))) -> 9000 | U41: =IF($Q41="","",INDEX('GA Runs'!H181:H185,MATCH($Q41,'GA Runs'!M181:M185,0))) -> 9 | V41: =IF($Q41="","",INDEX('GA Runs'!I181:I185,MATCH($Q41,'GA Runs'!M181:M185,0))) -> 43.789 | W41: =IF(OR($K41="",$Q41="",NOT(ISNUMBER($K41))),"",100*($Q41-$K41)/$K41) -> 0.38952743 | X41: =IF(COUNT('GA Runs'!M181:M185)=0,"",AVERAGE('GA Runs'!M181:M185)) -> 12922.751 | Y41: =IF(COUNT('GA Runs'!M181:M185)<2,"",_xlfn.STDEV.S('GA Runs'!M181:M185)) -> 3862.164 | Z41: =COUNT('GA Runs'!M181:M185) -> 5 | AA41: =IF($Z41=0,"",AVERAGEIF('GA Runs'!M181:M185,">=0",'GA Runs'!I181:I185)) -> 41.3956 | AB41: 10328.11 | AC41: 435.38 | AD41: 892.73 | AE41: 9000 | AF41: 3 | AG41: 53.53 | AH41: =IF(OR($AC41="",$R41="",$AC41=0),"",100*($AC41-$R41)/$AC41) -> 95.222335 | AI41: =IF($U41="","",100*($C41-$U41)/$C41) -> 77.5 | AJ41: =IF($AF41="","",100*($C41-$AF41)/$C41) -> 92.5 | AK41: =IF(OR($AI41="",$AJ41=""),"",$AI41-$AJ41) -> -15 | AL41: =IF($Q41="","",IF(ABS($Q41-SUM($R41:$T41))<0.05,"OK","CHECK")) -> OK
A42: 40-3-2 | B42: 20 | C42: 40 | D42: 8 | E42: 4 | F42: 0.25 | G42: 10 | H42: 30 | I42: 0.1 | J42: 4 | K42: 9984.2 | L42: 63.4 | M42: 920.8 | N42: 9000 | O42: 3 (2A + 1D) | P42: 198 | Q42: =IF(COUNT('GA Runs'!M186:M190)=0,"",MIN('GA Runs'!M186:M190)) -> 10235.616 | R42: =IF($Q42="","",INDEX('GA Runs'!E186:E190,MATCH($Q42,'GA Runs'!M186:M190,0))) -> 264.656 | S42: =IF($Q42="","",INDEX('GA Runs'!F186:F190,MATCH($Q42,'GA Runs'!M186:M190,0))) -> 970.96 | T42: =IF($Q42="","",INDEX('GA Runs'!G186:G190,MATCH($Q42,'GA Runs'!M186:M190,0))) -> 9000 | U42: =IF($Q42="","",INDEX('GA Runs'!H186:H190,MATCH($Q42,'GA Runs'!M186:M190,0))) -> 9 | V42: =IF($Q42="","",INDEX('GA Runs'!I186:I190,MATCH($Q42,'GA Runs'!M186:M190,0))) -> 42.638 | W42: =IF(OR($K42="",$Q42="",NOT(ISNUMBER($K42))),"",100*($Q42-$K42)/$K42) -> 2.5181387 | X42: =IF(COUNT('GA Runs'!M186:M190)=0,"",AVERAGE('GA Runs'!M186:M190)) -> 11070.507 | Y42: =IF(COUNT('GA Runs'!M186:M190)<2,"",_xlfn.STDEV.S('GA Runs'!M186:M190)) -> 1272.8514 | Z42: =COUNT('GA Runs'!M186:M190) -> 5 | AA42: =IF($Z42=0,"",AVERAGEIF('GA Runs'!M186:M190,">=0",'GA Runs'!I186:I190)) -> 43.2814 | AB42: 15618.51 | AC42: 643.02 | AD42: 975.48 | AE42: 14000 | AF42: 4 | AG42: 6.76 | AH42: =IF(OR($AC42="",$R42="",$AC42=0),"",100*($AC42-$R42)/$AC42) -> 58.841716 | AI42: =IF($U42="","",100*($C42-$U42)/$C42) -> 77.5 | AJ42: =IF($AF42="","",100*($C42-$AF42)/$C42) -> 90 | AK42: =IF(OR($AI42="",$AJ42=""),"",$AI42-$AJ42) -> -12.5 | AL42: =IF($Q42="","",IF(ABS($Q42-SUM($R42:$T42))<0.05,"OK","CHECK")) -> OK
A43: 40-3-3 | B43: 20 | C43: 40 | D43: 8 | E43: 4 | F43: 0.5 | G43: 20 | H43: 20 | I43: 0.1 | J43: 4 | K43: 8539.5 | L43: 601.9 | M43: 937.5 | N43: 7000 | O43: 2 (2A) | P43: 3551 | Q43: =IF(COUNT('GA Runs'!M191:M195)=0,"",MIN('GA Runs'!M191:M195)) -> 8618.753 | R43: =IF($Q43="","",INDEX('GA Runs'!E191:E195,MATCH($Q43,'GA Runs'!M191:M195,0))) -> 606.908 | S43: =IF($Q43="","",INDEX('GA Runs'!F191:F195,MATCH($Q43,'GA Runs'!M191:M195,0))) -> 1011.845 | T43: =IF($Q43="","",INDEX('GA Runs'!G191:G195,MATCH($Q43,'GA Runs'!M191:M195,0))) -> 7000 | U43: =IF($Q43="","",INDEX('GA Runs'!H191:H195,MATCH($Q43,'GA Runs'!M191:M195,0))) -> 7 | V43: =IF($Q43="","",INDEX('GA Runs'!I191:I195,MATCH($Q43,'GA Runs'!M191:M195,0))) -> 43.479 | W43: =IF(OR($K43="",$Q43="",NOT(ISNUMBER($K43))),"",100*($Q43-$K43)/$K43) -> 0.92807541 | X43: =IF(COUNT('GA Runs'!M191:M195)=0,"",AVERAGE('GA Runs'!M191:M195)) -> 9854.6508 | Y43: =IF(COUNT('GA Runs'!M191:M195)<2,"",_xlfn.STDEV.S('GA Runs'!M191:M195)) -> 1560.7803 | Z43: =COUNT('GA Runs'!M191:M195) -> 5 | AA43: =IF($Z43=0,"",AVERAGEIF('GA Runs'!M191:M195,">=0",'GA Runs'!I191:I195)) -> 39.1462 | AB43: 14358.23 | AC43: 1408.37 | AD43: 949.87 | AE43: 12000 | AF43: 3 | AG43: 5.49 | AH43: =IF(OR($AC43="",$R43="",$AC43=0),"",100*($AC43-$R43)/$AC43) -> 56.907063 | AI43: =IF($U43="","",100*($C43-$U43)/$C43) -> 82.5 | AJ43: =IF($AF43="","",100*($C43-$AF43)/$C43) -> 92.5 | AK43: =IF(OR($AI43="",$AJ43=""),"",$AI43-$AJ43) -> -10 | AL43: =IF($Q43="","",IF(ABS($Q43-SUM($R43:$T43))<0.05,"OK","CHECK")) -> OK
A44: 40-3-4 | B44: 20 | C44: 40 | D44: 8 | E44: 4 | F44: 0.75 | G44: 30 | H44: 10 | I44: 0.1 | J44: 4 | K44: 8941.6 | L44: 976.4 | M44: 965.2 | N44: 7000 | O44: 2 (2A) | P44: 18955 | Q44: =IF(COUNT('GA Runs'!M196:M200)=0,"",MIN('GA Runs'!M196:M200)) -> 9174.951 | R44: =IF($Q44="","",INDEX('GA Runs'!E196:E200,MATCH($Q44,'GA Runs'!M196:M200,0))) -> 1186.554 | S44: =IF($Q44="","",INDEX('GA Runs'!F196:F200,MATCH($Q44,'GA Runs'!M196:M200,0))) -> 988.397 | T44: =IF($Q44="","",INDEX('GA Runs'!G196:G200,MATCH($Q44,'GA Runs'!M196:M200,0))) -> 7000 | U44: =IF($Q44="","",INDEX('GA Runs'!H196:H200,MATCH($Q44,'GA Runs'!M196:M200,0))) -> 7 | V44: =IF($Q44="","",INDEX('GA Runs'!I196:I200,MATCH($Q44,'GA Runs'!M196:M200,0))) -> 43.594 | W44: =IF(OR($K44="",$Q44="",NOT(ISNUMBER($K44))),"",100*($Q44-$K44)/$K44) -> 2.6097231 | X44: =IF(COUNT('GA Runs'!M196:M200)=0,"",AVERAGE('GA Runs'!M196:M200)) -> 10785.971 | Y44: =IF(COUNT('GA Runs'!M196:M200)<2,"",_xlfn.STDEV.S('GA Runs'!M196:M200)) -> 1468.9618 | Z44: =COUNT('GA Runs'!M196:M200) -> 5 | AA44: =IF($Z44=0,"",AVERAGEIF('GA Runs'!M196:M200,">=0",'GA Runs'!I196:I200)) -> 42.5308 | AB44: 21201.79 | AC44: 2200.04 | AD44: 1001.75 | AE44: 18000 | AF44: 5 | AG44: 5.1 | AH44: =IF(OR($AC44="",$R44="",$AC44=0),"",100*($AC44-$R44)/$AC44) -> 46.066708 | AI44: =IF($U44="","",100*($C44-$U44)/$C44) -> 82.5 | AJ44: =IF($AF44="","",100*($C44-$AF44)/$C44) -> 87.5 | AK44: =IF(OR($AI44="",$AJ44=""),"",$AI44-$AJ44) -> -5 | AL44: =IF($Q44="","",IF(ABS($Q44-SUM($R44:$T44))<0.05,"OK","CHECK")) -> OK
A45: 40-3-5 | B45: 20 | C45: 40 | D45: 8 | E45: 4 | F45: 0.9 | G45: 36 | H45: 4 | I45: 0.1 | J45: 4 | K45: N/A | L45: N/A | M45: N/A | N45: N/A | O45: N/A | P45: 21600 | Q45: =IF(COUNT('GA Runs'!M201:M205)=0,"",MIN('GA Runs'!M201:M205)) -> 12270.762 | R45: =IF($Q45="","",INDEX('GA Runs'!E201:E205,MATCH($Q45,'GA Runs'!M201:M205,0))) -> 1350.887 | S45: =IF($Q45="","",INDEX('GA Runs'!F201:F205,MATCH($Q45,'GA Runs'!M201:M205,0))) -> 919.875 | T45: =IF($Q45="","",INDEX('GA Runs'!G201:G205,MATCH($Q45,'GA Runs'!M201:M205,0))) -> 10000 | U45: =IF($Q45="","",INDEX('GA Runs'!H201:H205,MATCH($Q45,'GA Runs'!M201:M205,0))) -> 10 | V45: =IF($Q45="","",INDEX('GA Runs'!I201:I205,MATCH($Q45,'GA Runs'!M201:M205,0))) -> 41.787 | W45: =IF(OR($K45="",$Q45="",NOT(ISNUMBER($K45))),"",100*($Q45-$K45)/$K45) | X45: =IF(COUNT('GA Runs'!M201:M205)=0,"",AVERAGE('GA Runs'!M201:M205)) -> 14055.136 | Y45: =IF(COUNT('GA Runs'!M201:M205)<2,"",_xlfn.STDEV.S('GA Runs'!M201:M205)) -> 1211.9498 | Z45: =COUNT('GA Runs'!M201:M205) -> 5 | AA45: =IF($Z45=0,"",AVERAGEIF('GA Runs'!M201:M205,">=0",'GA Runs'!I201:I205)) -> 42.9152 | AB45: 23817.47 | AC45: 2890.75 | AD45: 926.72 | AE45: 20000 | AF45: 6 | AG45: 3.34 | AH45: =IF(OR($AC45="",$R45="",$AC45=0),"",100*($AC45-$R45)/$AC45) -> 53.268633 | AI45: =IF($U45="","",100*($C45-$U45)/$C45) -> 75 | AJ45: =IF($AF45="","",100*($C45-$AF45)/$C45) -> 85 | AK45: =IF(OR($AI45="",$AJ45=""),"",$AI45-$AJ45) -> -10 | AL45: =IF($Q45="","",IF(ABS($Q45-SUM($R45:$T45))<0.05,"OK","CHECK")) -> OK
A46: 40-4-1 | B46: 37 | C46: 40 | D46: 8 | E46: 4 | F46: 0.1 | G46: 4 | H46: 36 | I46: 0.1 | J46: 4 | K46: 8924.2 | L46: 165.2 | M46: 759 | N46: 8000 | O46: 2 (2A) | P46: 100 | Q46: =IF(COUNT('GA Runs'!M206:M210)=0,"",MIN('GA Runs'!M206:M210)) -> 11763.967 | R46: =IF($Q46="","",INDEX('GA Runs'!E206:E210,MATCH($Q46,'GA Runs'!M206:M210,0))) -> 19.888 | S46: =IF($Q46="","",INDEX('GA Runs'!F206:F210,MATCH($Q46,'GA Runs'!M206:M210,0))) -> 744.079 | T46: =IF($Q46="","",INDEX('GA Runs'!G206:G210,MATCH($Q46,'GA Runs'!M206:M210,0))) -> 11000 | U46: =IF($Q46="","",INDEX('GA Runs'!H206:H210,MATCH($Q46,'GA Runs'!M206:M210,0))) -> 11 | V46: =IF($Q46="","",INDEX('GA Runs'!I206:I210,MATCH($Q46,'GA Runs'!M206:M210,0))) -> 40.836 | W46: =IF(OR($K46="",$Q46="",NOT(ISNUMBER($K46))),"",100*($Q46-$K46)/$K46) -> 31.82097 | X46: =IF(COUNT('GA Runs'!M206:M210)=0,"",AVERAGE('GA Runs'!M206:M210)) -> 11800.177 | Y46: =IF(COUNT('GA Runs'!M206:M210)<2,"",_xlfn.STDEV.S('GA Runs'!M206:M210)) -> 29.418404 | Z46: =COUNT('GA Runs'!M206:M210) -> 5 | AA46: =IF($Z46=0,"",AVERAGEIF('GA Runs'!M206:M210,">=0",'GA Runs'!I206:I210)) -> 40.688 | AB46: 13070.98 | AC46: 376.09 | AD46: 694.89 | AE46: 12000 | AF46: 3 | AG46: 19.08 | AH46: =IF(OR($AC46="",$R46="",$AC46=0),"",100*($AC46-$R46)/$AC46) -> 94.711904 | AI46: =IF($U46="","",100*($C46-$U46)/$C46) -> 72.5 | AJ46: =IF($AF46="","",100*($C46-$AF46)/$C46) -> 92.5 | AK46: =IF(OR($AI46="",$AJ46=""),"",$AI46-$AJ46) -> -20 | AL46: =IF($Q46="","",IF(ABS($Q46-SUM($R46:$T46))<0.05,"OK","CHECK")) -> OK
A47: 40-4-2 | B47: 37 | C47: 40 | D47: 8 | E47: 4 | F47: 0.25 | G47: 10 | H47: 30 | I47: 0.1 | J47: 4 | K47: 8947.5 | L47: 165.2 | M47: 782.3 | N47: 8000 | O47: 2 (1A+ 1D) | P47: 100 | Q47: =IF(COUNT('GA Runs'!M211:M215)=0,"",MIN('GA Runs'!M211:M215)) -> 9057.119 | R47: =IF($Q47="","",INDEX('GA Runs'!E211:E215,MATCH($Q47,'GA Runs'!M211:M215,0))) -> 255.664 | S47: =IF($Q47="","",INDEX('GA Runs'!F211:F215,MATCH($Q47,'GA Runs'!M211:M215,0))) -> 801.455 | T47: =IF($Q47="","",INDEX('GA Runs'!G211:G215,MATCH($Q47,'GA Runs'!M211:M215,0))) -> 8000 | U47: =IF($Q47="","",INDEX('GA Runs'!H211:H215,MATCH($Q47,'GA Runs'!M211:M215,0))) -> 8 | V47: =IF($Q47="","",INDEX('GA Runs'!I211:I215,MATCH($Q47,'GA Runs'!M211:M215,0))) -> 37.698 | W47: =IF(OR($K47="",$Q47="",NOT(ISNUMBER($K47))),"",100*($Q47-$K47)/$K47) -> 1.2251355 | X47: =IF(COUNT('GA Runs'!M211:M215)=0,"",AVERAGE('GA Runs'!M211:M215)) -> 11263.072 | Y47: =IF(COUNT('GA Runs'!M211:M215)<2,"",_xlfn.STDEV.S('GA Runs'!M211:M215)) -> 1233.4982 | Z47: =COUNT('GA Runs'!M211:M215) -> 5 | AA47: =IF($Z47=0,"",AVERAGEIF('GA Runs'!M211:M215,">=0",'GA Runs'!I211:I215)) -> 40.211 | AB47: 15454.32 | AC47: 620.68 | AD47: 833.64 | AE47: 14000 | AF47: 4 | AG47: 9.03 | AH47: =IF(OR($AC47="",$R47="",$AC47=0),"",100*($AC47-$R47)/$AC47) -> 58.809048 | AI47: =IF($U47="","",100*($C47-$U47)/$C47) -> 80 | AJ47: =IF($AF47="","",100*($C47-$AF47)/$C47) -> 90 | AK47: =IF(OR($AI47="",$AJ47=""),"",$AI47-$AJ47) -> -10 | AL47: =IF($Q47="","",IF(ABS($Q47-SUM($R47:$T47))<0.05,"OK","CHECK")) -> OK
A48: 40-4-3 | B48: 37 | C48: 40 | D48: 8 | E48: 4 | F48: 0.5 | G48: 20 | H48: 20 | I48: 0.1 | J48: 4 | K48: 9392.6 | L48: 606 | M48: 786.6 | N48: 8000 | O48: 2 (1A+ 1D) | P48: 544 | Q48: =IF(COUNT('GA Runs'!M216:M220)=0,"",MIN('GA Runs'!M216:M220)) -> 9446.775 | R48: =IF($Q48="","",INDEX('GA Runs'!E216:E220,MATCH($Q48,'GA Runs'!M216:M220,0))) -> 601.103 | S48: =IF($Q48="","",INDEX('GA Runs'!F216:F220,MATCH($Q48,'GA Runs'!M216:M220,0))) -> 845.671 | T48: =IF($Q48="","",INDEX('GA Runs'!G216:G220,MATCH($Q48,'GA Runs'!M216:M220,0))) -> 8000 | U48: =IF($Q48="","",INDEX('GA Runs'!H216:H220,MATCH($Q48,'GA Runs'!M216:M220,0))) -> 8 | V48: =IF($Q48="","",INDEX('GA Runs'!I216:I220,MATCH($Q48,'GA Runs'!M216:M220,0))) -> 44.269 | W48: =IF(OR($K48="",$Q48="",NOT(ISNUMBER($K48))),"",100*($Q48-$K48)/$K48) -> 0.57678385 | X48: =IF(COUNT('GA Runs'!M216:M220)=0,"",AVERAGE('GA Runs'!M216:M220)) -> 11645.837 | Y48: =IF(COUNT('GA Runs'!M216:M220)<2,"",_xlfn.STDEV.S('GA Runs'!M216:M220)) -> 1231.5369 | Z48: =COUNT('GA Runs'!M216:M220) -> 5 | AA48: =IF($Z48=0,"",AVERAGEIF('GA Runs'!M216:M220,">=0",'GA Runs'!I216:I220)) -> 43.274 | AB48: 19196.8 | AC48: 1320.8 | AD48: 876 | AE48: 17000 | AF48: 5 | AG48: 7.55 | AH48: =IF(OR($AC48="",$R48="",$AC48=0),"",100*($AC48-$R48)/$AC48) -> 54.489476 | AI48: =IF($U48="","",100*($C48-$U48)/$C48) -> 80 | AJ48: =IF($AF48="","",100*($C48-$AF48)/$C48) -> 87.5 | AK48: =IF(OR($AI48="",$AJ48=""),"",$AI48-$AJ48) -> -7.5 | AL48: =IF($Q48="","",IF(ABS($Q48-SUM($R48:$T48))<0.05,"OK","CHECK")) -> OK
A49: 40-4-4 | B49: 37 | C49: 40 | D49: 8 | E49: 4 | F49: 0.75 | G49: 30 | H49: 10 | I49: 0.1 | J49: 4 | K49: 9802 | L49: 955.3 | M49: 846.8 | N49: 8000 | O49: 2 (1A + 1D) | P49: 15222 | Q49: =IF(COUNT('GA Runs'!M221:M225)=0,"",MIN('GA Runs'!M221:M225)) -> 9875.904 | R49: =IF($Q49="","",INDEX('GA Runs'!E221:E225,MATCH($Q49,'GA Runs'!M221:M225,0))) -> 1023.169 | S49: =IF($Q49="","",INDEX('GA Runs'!F221:F225,MATCH($Q49,'GA Runs'!M221:M225,0))) -> 852.735 | T49: =IF($Q49="","",INDEX('GA Runs'!G221:G225,MATCH($Q49,'GA Runs'!M221:M225,0))) -> 8000 | U49: =IF($Q49="","",INDEX('GA Runs'!H221:H225,MATCH($Q49,'GA Runs'!M221:M225,0))) -> 8 | V49: =IF($Q49="","",INDEX('GA Runs'!I221:I225,MATCH($Q49,'GA Runs'!M221:M225,0))) -> 42.399 | W49: =IF(OR($K49="",$Q49="",NOT(ISNUMBER($K49))),"",100*($Q49-$K49)/$K49) -> 0.75396858 | X49: =IF(COUNT('GA Runs'!M221:M225)=0,"",AVERAGE('GA Runs'!M221:M225)) -> 10452.632 | Y49: =IF(COUNT('GA Runs'!M221:M225)<2,"",_xlfn.STDEV.S('GA Runs'!M221:M225)) -> 1143.3056 | Z49: =COUNT('GA Runs'!M221:M225) -> 5 | AA49: =IF($Z49=0,"",AVERAGEIF('GA Runs'!M221:M225,">=0",'GA Runs'!I221:I225)) -> 42.2258 | AB49: 16985.68 | AC49: 2182.92 | AD49: 802.76 | AE49: 14000 | AF49: 4 | AG49: 2.27 | AH49: =IF(OR($AC49="",$R49="",$AC49=0),"",100*($AC49-$R49)/$AC49) -> 53.128424 | AI49: =IF($U49="","",100*($C49-$U49)/$C49) -> 80 | AJ49: =IF($AF49="","",100*($C49-$AF49)/$C49) -> 90 | AK49: =IF(OR($AI49="",$AJ49=""),"",$AI49-$AJ49) -> -10 | AL49: =IF($Q49="","",IF(ABS($Q49-SUM($R49:$T49))<0.05,"OK","CHECK")) -> OK
A50: 40-4-5 | B50: 37 | C50: 40 | D50: 8 | E50: 4 | F50: 0.9 | G50: 36 | H50: 4 | I50: 0.1 | J50: 4 | K50: N/A | L50: N/A | M50: N/A | N50: N/A | O50: N/A | P50: 21600 | Q50: =IF(COUNT('GA Runs'!M226:M230)=0,"",MIN('GA Runs'!M226:M230)) -> 10051.762 | R50: =IF($Q50="","",INDEX('GA Runs'!E226:E230,MATCH($Q50,'GA Runs'!M226:M230,0))) -> 1173.05 | S50: =IF($Q50="","",INDEX('GA Runs'!F226:F230,MATCH($Q50,'GA Runs'!M226:M230,0))) -> 878.712 | T50: =IF($Q50="","",INDEX('GA Runs'!G226:G230,MATCH($Q50,'GA Runs'!M226:M230,0))) -> 8000 | U50: =IF($Q50="","",INDEX('GA Runs'!H226:H230,MATCH($Q50,'GA Runs'!M226:M230,0))) -> 8 | V50: =IF($Q50="","",INDEX('GA Runs'!I226:I230,MATCH($Q50,'GA Runs'!M226:M230,0))) -> 41.071 | W50: =IF(OR($K50="",$Q50="",NOT(ISNUMBER($K50))),"",100*($Q50-$K50)/$K50) | X50: =IF(COUNT('GA Runs'!M226:M230)=0,"",AVERAGE('GA Runs'!M226:M230)) -> 11046.353 | Y50: =IF(COUNT('GA Runs'!M226:M230)<2,"",_xlfn.STDEV.S('GA Runs'!M226:M230)) -> 2093.9705 | Z50: =COUNT('GA Runs'!M226:M230) -> 5 | AA50: =IF($Z50=0,"",AVERAGEIF('GA Runs'!M226:M230,">=0",'GA Runs'!I226:I230)) -> 41.888 | AB50: 21670.84 | AC50: 2766.55 | AD50: 904.3 | AE50: 18000 | AF50: 5 | AG50: 2.97 | AH50: =IF(OR($AC50="",$R50="",$AC50=0),"",100*($AC50-$R50)/$AC50) -> 57.598814 | AI50: =IF($U50="","",100*($C50-$U50)/$C50) -> 80 | AJ50: =IF($AF50="","",100*($C50-$AF50)/$C50) -> 87.5 | AK50: =IF(OR($AI50="",$AJ50=""),"",$AI50-$AJ50) -> -7.5 | AL50: =IF($Q50="","",IF(ABS($Q50-SUM($R50:$T50))<0.05,"OK","CHECK")) -> OK
A51: 40-5-1 | B51: 42 | C51: 40 | D51: 8 | E51: 4 | F51: 0.1 | G51: 4 | H51: 36 | I51: 0.1 | J51: 4 | K51: 3807.4 | L51: 12.7 | M51: 794.7 | N51: 3000 | O51: 1 (1A) | P51: 15 | Q51: =IF(COUNT('GA Runs'!M231:M235)=0,"",MIN('GA Runs'!M231:M235)) -> 3818.939 | R51: =IF($Q51="","",INDEX('GA Runs'!E231:E235,MATCH($Q51,'GA Runs'!M231:M235,0))) -> 11.585 | S51: =IF($Q51="","",INDEX('GA Runs'!F231:F235,MATCH($Q51,'GA Runs'!M231:M235,0))) -> 807.353 | T51: =IF($Q51="","",INDEX('GA Runs'!G231:G235,MATCH($Q51,'GA Runs'!M231:M235,0))) -> 3000 | U51: =IF($Q51="","",INDEX('GA Runs'!H231:H235,MATCH($Q51,'GA Runs'!M231:M235,0))) -> 3 | V51: =IF($Q51="","",INDEX('GA Runs'!I231:I235,MATCH($Q51,'GA Runs'!M231:M235,0))) -> 41.954 | W51: =IF(OR($K51="",$Q51="",NOT(ISNUMBER($K51))),"",100*($Q51-$K51)/$K51) -> 0.30306771 | X51: =IF(COUNT('GA Runs'!M231:M235)=0,"",AVERAGE('GA Runs'!M231:M235)) -> 3847.5444 | Y51: =IF(COUNT('GA Runs'!M231:M235)<2,"",_xlfn.STDEV.S('GA Runs'!M231:M235)) -> 43.357516 | Z51: =COUNT('GA Runs'!M231:M235) -> 5 | AA51: =IF($Z51=0,"",AVERAGEIF('GA Runs'!M231:M235,">=0",'GA Runs'!I231:I235)) -> 42.3416 | AB51: 4156.49 | AC51: 314.22 | AD51: 842.28 | AE51: 3000 | AF51: 1 | AG51: 5.66 | AH51: =IF(OR($AC51="",$R51="",$AC51=0),"",100*($AC51-$R51)/$AC51) -> 96.313093 | AI51: =IF($U51="","",100*($C51-$U51)/$C51) -> 92.5 | AJ51: =IF($AF51="","",100*($C51-$AF51)/$C51) -> 97.5 | AK51: =IF(OR($AI51="",$AJ51=""),"",$AI51-$AJ51) -> -5 | AL51: =IF($Q51="","",IF(ABS($Q51-SUM($R51:$T51))<0.05,"OK","CHECK")) -> OK
A52: 40-5-2 | B52: 42 | C52: 40 | D52: 8 | E52: 4 | F52: 0.25 | G52: 10 | H52: 30 | I52: 0.1 | J52: 4 | K52: 3845.3 | L52: 3.1 | M52: 842.2 | N52: 3000 | O52: 1 (1A) | P52: 10 | Q52: =IF(COUNT('GA Runs'!M236:M240)=0,"",MIN('GA Runs'!M236:M240)) -> 3860.377 | R52: =IF($Q52="","",INDEX('GA Runs'!E236:E240,MATCH($Q52,'GA Runs'!M236:M240,0))) -> 15.414 | S52: =IF($Q52="","",INDEX('GA Runs'!F236:F240,MATCH($Q52,'GA Runs'!M236:M240,0))) -> 844.963 | T52: =IF($Q52="","",INDEX('GA Runs'!G236:G240,MATCH($Q52,'GA Runs'!M236:M240,0))) -> 3000 | U52: =IF($Q52="","",INDEX('GA Runs'!H236:H240,MATCH($Q52,'GA Runs'!M236:M240,0))) -> 3 | V52: =IF($Q52="","",INDEX('GA Runs'!I236:I240,MATCH($Q52,'GA Runs'!M236:M240,0))) -> 43.346 | W52: =IF(OR($K52="",$Q52="",NOT(ISNUMBER($K52))),"",100*($Q52-$K52)/$K52) -> 0.39208904 | X52: =IF(COUNT('GA Runs'!M236:M240)=0,"",AVERAGE('GA Runs'!M236:M240)) -> 3911.897 | Y52: =IF(COUNT('GA Runs'!M236:M240)<2,"",_xlfn.STDEV.S('GA Runs'!M236:M240)) -> 56.362588 | Z52: =COUNT('GA Runs'!M236:M240) -> 5 | AA52: =IF($Z52=0,"",AVERAGEIF('GA Runs'!M236:M240,">=0",'GA Runs'!I236:I240)) -> 43.5368 | AB52: 8579.2 | AC52: 682.36 | AD52: 896.84 | AE52: 7000 | AF52: 2 | AG52: 4.5 | AH52: =IF(OR($AC52="",$R52="",$AC52=0),"",100*($AC52-$R52)/$AC52) -> 97.741075 | AI52: =IF($U52="","",100*($C52-$U52)/$C52) -> 92.5 | AJ52: =IF($AF52="","",100*($C52-$AF52)/$C52) -> 95 | AK52: =IF(OR($AI52="",$AJ52=""),"",$AI52-$AJ52) -> -2.5 | AL52: =IF($Q52="","",IF(ABS($Q52-SUM($R52:$T52))<0.05,"OK","CHECK")) -> OK
A53: 40-5-3 | B53: 42 | C53: 40 | D53: 8 | E53: 4 | F53: 0.5 | G53: 20 | H53: 20 | I53: 0.1 | J53: 4 | K53: 4136.3 | L53: 243.8 | M53: 892.5 | N53: 3000 | O53: 1 (1D) | P53: 85 | Q53: =IF(COUNT('GA Runs'!M241:M245)=0,"",MIN('GA Runs'!M241:M245)) -> 4244.998 | R53: =IF($Q53="","",INDEX('GA Runs'!E241:E245,MATCH($Q53,'GA Runs'!M241:M245,0))) -> 253.723 | S53: =IF($Q53="","",INDEX('GA Runs'!F241:F245,MATCH($Q53,'GA Runs'!M241:M245,0))) -> 991.275 | T53: =IF($Q53="","",INDEX('GA Runs'!G241:G245,MATCH($Q53,'GA Runs'!M241:M245,0))) -> 3000 | U53: =IF($Q53="","",INDEX('GA Runs'!H241:H245,MATCH($Q53,'GA Runs'!M241:M245,0))) -> 3 | V53: =IF($Q53="","",INDEX('GA Runs'!I241:I245,MATCH($Q53,'GA Runs'!M241:M245,0))) -> 40.78 | W53: =IF(OR($K53="",$Q53="",NOT(ISNUMBER($K53))),"",100*($Q53-$K53)/$K53) -> 2.6279042 | X53: =IF(COUNT('GA Runs'!M241:M245)=0,"",AVERAGE('GA Runs'!M241:M245)) -> 4331.9264 | Y53: =IF(COUNT('GA Runs'!M241:M245)<2,"",_xlfn.STDEV.S('GA Runs'!M241:M245)) -> 82.243952 | Z53: =COUNT('GA Runs'!M241:M245) -> 5 | AA53: =IF($Z53=0,"",AVERAGEIF('GA Runs'!M241:M245,">=0",'GA Runs'!I241:I245)) -> 43.4386 | AB53: 8118.27 | AC53: 1241.13 | AD53: 877.15 | AE53: 6000 | AF53: 2 | AG53: 3.44 | AH53: =IF(OR($AC53="",$R53="",$AC53=0),"",100*($AC53-$R53)/$AC53) -> 79.557097 | AI53: =IF($U53="","",100*($C53-$U53)/$C53) -> 92.5 | AJ53: =IF($AF53="","",100*($C53-$AF53)/$C53) -> 95 | AK53: =IF(OR($AI53="",$AJ53=""),"",$AI53-$AJ53) -> -2.5 | AL53: =IF($Q53="","",IF(ABS($Q53-SUM($R53:$T53))<0.05,"OK","CHECK")) -> OK
A54: 40-5-4 | B54: 42 | C54: 40 | D54: 8 | E54: 4 | F54: 0.75 | G54: 30 | H54: 10 | I54: 0.1 | J54: 4 | K54: 4374.3 | L54: 462.7 | M54: 911.5 | N54: 3000 | O54: 1 (1D) | P54: 205 | Q54: =IF(COUNT('GA Runs'!M246:M250)=0,"",MIN('GA Runs'!M246:M250)) -> 4374.271 | R54: =IF($Q54="","",INDEX('GA Runs'!E246:E250,MATCH($Q54,'GA Runs'!M246:M250,0))) -> 462.742 | S54: =IF($Q54="","",INDEX('GA Runs'!F246:F250,MATCH($Q54,'GA Runs'!M246:M250,0))) -> 911.529 | T54: =IF($Q54="","",INDEX('GA Runs'!G246:G250,MATCH($Q54,'GA Runs'!M246:M250,0))) -> 3000 | U54: =IF($Q54="","",INDEX('GA Runs'!H246:H250,MATCH($Q54,'GA Runs'!M246:M250,0))) -> 3 | V54: =IF($Q54="","",INDEX('GA Runs'!I246:I250,MATCH($Q54,'GA Runs'!M246:M250,0))) -> 45.437 | W54: =IF(OR($K54="",$Q54="",NOT(ISNUMBER($K54))),"",100*($Q54-$K54)/$K54) -> -0.00066296322 | X54: =IF(COUNT('GA Runs'!M246:M250)=0,"",AVERAGE('GA Runs'!M246:M250)) -> 4533.46 | Y54: =IF(COUNT('GA Runs'!M246:M250)<2,"",_xlfn.STDEV.S('GA Runs'!M246:M250)) -> 175.45595 | Z54: =COUNT('GA Runs'!M246:M250) -> 5 | AA54: =IF($Z54=0,"",AVERAGEIF('GA Runs'!M246:M250,">=0",'GA Runs'!I246:I250)) -> 46.317 | AB54: 6044.92 | AC54: 2059.48 | AD54: 985.44 | AE54: 3000 | AF54: 1 | AG54: 1.46 | AH54: =IF(OR($AC54="",$R54="",$AC54=0),"",100*($AC54-$R54)/$AC54) -> 77.531124 | AI54: =IF($U54="","",100*($C54-$U54)/$C54) -> 92.5 | AJ54: =IF($AF54="","",100*($C54-$AF54)/$C54) -> 97.5 | AK54: =IF(OR($AI54="",$AJ54=""),"",$AI54-$AJ54) -> -5 | AL54: =IF($Q54="","",IF(ABS($Q54-SUM($R54:$T54))<0.05,"OK","CHECK")) -> OK
A55: 40-5-5 | B55: 42 | C55: 40 | D55: 8 | E55: 4 | F55: 0.9 | G55: 36 | H55: 4 | I55: 0.1 | J55: 4 | K55: 5089.3 | L55: 1195.1 | M55: 894.2 | N55: 3000 | O55: 1 (1D) | P55: 185 | Q55: =IF(COUNT('GA Runs'!M251:M255)=0,"",MIN('GA Runs'!M251:M255)) -> 5118.958 | R55: =IF($Q55="","",INDEX('GA Runs'!E251:E255,MATCH($Q55,'GA Runs'!M251:M255,0))) -> 1188.421 | S55: =IF($Q55="","",INDEX('GA Runs'!F251:F255,MATCH($Q55,'GA Runs'!M251:M255,0))) -> 930.538 | T55: =IF($Q55="","",INDEX('GA Runs'!G251:G255,MATCH($Q55,'GA Runs'!M251:M255,0))) -> 3000 | U55: =IF($Q55="","",INDEX('GA Runs'!H251:H255,MATCH($Q55,'GA Runs'!M251:M255,0))) -> 3 | V55: =IF($Q55="","",INDEX('GA Runs'!I251:I255,MATCH($Q55,'GA Runs'!M251:M255,0))) -> 44.623 | W55: =IF(OR($K55="",$Q55="",NOT(ISNUMBER($K55))),"",100*($Q55-$K55)/$K55) -> 0.58275205 | X55: =IF(COUNT('GA Runs'!M251:M255)=0,"",AVERAGE('GA Runs'!M251:M255)) -> 5733.6118 | Y55: =IF(COUNT('GA Runs'!M251:M255)<2,"",_xlfn.STDEV.S('GA Runs'!M251:M255)) -> 1329.6628 | Z55: =COUNT('GA Runs'!M251:M255) -> 5 | AA55: =IF($Z55=0,"",AVERAGEIF('GA Runs'!M251:M255,">=0",'GA Runs'!I251:I255)) -> 43.2494 | AB55: 14731.68 | AC55: 2752.08 | AD55: 979.6 | AE55: 11000 | AF55: 3 | AG55: 1.09 | AH55: =IF(OR($AC55="",$R55="",$AC55=0),"",100*($AC55-$R55)/$AC55) -> 56.817353 | AI55: =IF($U55="","",100*($C55-$U55)/$C55) -> 92.5 | AJ55: =IF($AF55="","",100*($C55-$AF55)/$C55) -> 92.5 | AK55: =IF(OR($AI55="",$AJ55=""),"",$AI55-$AJ55) -> 0 | AL55: =IF($Q55="","",IF(ABS($Q55-SUM($R55:$T55))<0.05,"OK","CHECK")) -> OK
A56: 60-1-1 | B56: 10 | C56: 60 | D56: 10 | E56: 5 | F56: 0.1 | G56: 6 | H56: 54 | I56: 0.1 | J56: 6 | K56: 11128.7 | L56: 0 | M56: 1128.7 | N56: 10000 | O56: 2 (2A) | P56: 490 | Q56: =IF(COUNT('GA Runs'!M256:M260)=0,"",MIN('GA Runs'!M256:M260)) -> 11392.957 | R56: =IF($Q56="","",INDEX('GA Runs'!E256:E260,MATCH($Q56,'GA Runs'!M256:M260,0))) -> 5.196 | S56: =IF($Q56="","",INDEX('GA Runs'!F256:F260,MATCH($Q56,'GA Runs'!M256:M260,0))) -> 1387.761 | T56: =IF($Q56="","",INDEX('GA Runs'!G256:G260,MATCH($Q56,'GA Runs'!M256:M260,0))) -> 10000 | U56: =IF($Q56="","",INDEX('GA Runs'!H256:H260,MATCH($Q56,'GA Runs'!M256:M260,0))) -> 10 | V56: =IF($Q56="","",INDEX('GA Runs'!I256:I260,MATCH($Q56,'GA Runs'!M256:M260,0))) -> 70.178 | W56: =IF(OR($K56="",$Q56="",NOT(ISNUMBER($K56))),"",100*($Q56-$K56)/$K56) -> 2.3745541 | X56: =IF(COUNT('GA Runs'!M256:M260)=0,"",AVERAGE('GA Runs'!M256:M260)) -> 13720.105 | Y56: =IF(COUNT('GA Runs'!M256:M260)<2,"",_xlfn.STDEV.S('GA Runs'!M256:M260)) -> 1461.8627 | Z56: =COUNT('GA Runs'!M256:M260) -> 5 | AA56: =IF($Z56=0,"",AVERAGEIF('GA Runs'!M256:M260,">=0",'GA Runs'!I256:I260)) -> 70.8694 | AB56: 11444.2 | AC56: 291.41 | AD56: 1152.79 | AE56: 10000 | AF56: 2 | AG56: 576.01 | AH56: =IF(OR($AC56="",$R56="",$AC56=0),"",100*($AC56-$R56)/$AC56) -> 98.216945 | AI56: =IF($U56="","",100*($C56-$U56)/$C56) -> 83.333333 | AJ56: =IF($AF56="","",100*($C56-$AF56)/$C56) -> 96.666667 | AK56: =IF(OR($AI56="",$AJ56=""),"",$AI56-$AJ56) -> -13.333333 | AL56: =IF($Q56="","",IF(ABS($Q56-SUM($R56:$T56))<0.05,"OK","CHECK")) -> OK
A57: 60-1-2 | B57: 10 | C57: 60 | D57: 10 | E57: 5 | F57: 0.25 | G57: 15 | H57: 45 | I57: 0.1 | J57: 6 | K57: 14231.4 | L57: 45.1 | M57: 1186.3 | N57: 13000 | O57: 3 (1A+2D) | P57: 1000 | Q57: =IF(COUNT('GA Runs'!M261:M265)=0,"",MIN('GA Runs'!M261:M265)) -> 14499.904 | R57: =IF($Q57="","",INDEX('GA Runs'!E261:E265,MATCH($Q57,'GA Runs'!M261:M265,0))) -> 120.753 | S57: =IF($Q57="","",INDEX('GA Runs'!F261:F265,MATCH($Q57,'GA Runs'!M261:M265,0))) -> 1379.151 | T57: =IF($Q57="","",INDEX('GA Runs'!G261:G265,MATCH($Q57,'GA Runs'!M261:M265,0))) -> 13000 | U57: =IF($Q57="","",INDEX('GA Runs'!H261:H265,MATCH($Q57,'GA Runs'!M261:M265,0))) -> 13 | V57: =IF($Q57="","",INDEX('GA Runs'!I261:I265,MATCH($Q57,'GA Runs'!M261:M265,0))) -> 62.289 | W57: =IF(OR($K57="",$Q57="",NOT(ISNUMBER($K57))),"",100*($Q57-$K57)/$K57) -> 1.8867012 | X57: =IF(COUNT('GA Runs'!M261:M265)=0,"",AVERAGE('GA Runs'!M261:M265)) -> 18035.882 | Y57: =IF(COUNT('GA Runs'!M261:M265)<2,"",_xlfn.STDEV.S('GA Runs'!M261:M265)) -> 2782.388 | Z57: =COUNT('GA Runs'!M261:M265) -> 5 | AA57: =IF($Z57=0,"",AVERAGEIF('GA Runs'!M261:M265,">=0",'GA Runs'!I261:I265)) -> 67.899 | AB57: 18771.39 | AC57: 629.29 | AD57: 1142.09 | AE57: 17000 | AF57: 4 | AG57: 45.96 | AH57: =IF(OR($AC57="",$R57="",$AC57=0),"",100*($AC57-$R57)/$AC57) -> 80.811232 | AI57: =IF($U57="","",100*($C57-$U57)/$C57) -> 78.333333 | AJ57: =IF($AF57="","",100*($C57-$AF57)/$C57) -> 93.333333 | AK57: =IF(OR($AI57="",$AJ57=""),"",$AI57-$AJ57) -> -15 | AL57: =IF($Q57="","",IF(ABS($Q57-SUM($R57:$T57))<0.05,"OK","CHECK")) -> OK
A58: 60-1-3 | B58: 10 | C58: 60 | D58: 10 | E58: 5 | F58: 0.5 | G58: 30 | H58: 30 | I58: 0.1 | J58: 6 | K58: 14863.8 | L58: 547.6 | M58: 1316.2 | N58: 13000 | O58: 3 (1A+2D) | P58: 625 | Q58: =IF(COUNT('GA Runs'!M266:M270)=0,"",MIN('GA Runs'!M266:M270)) -> 16440.091 | R58: =IF($Q58="","",INDEX('GA Runs'!E266:E270,MATCH($Q58,'GA Runs'!M266:M270,0))) -> 1031.075 | S58: =IF($Q58="","",INDEX('GA Runs'!F266:F270,MATCH($Q58,'GA Runs'!M266:M270,0))) -> 1409.016 | T58: =IF($Q58="","",INDEX('GA Runs'!G266:G270,MATCH($Q58,'GA Runs'!M266:M270,0))) -> 14000 | U58: =IF($Q58="","",INDEX('GA Runs'!H266:H270,MATCH($Q58,'GA Runs'!M266:M270,0))) -> 14 | V58: =IF($Q58="","",INDEX('GA Runs'!I266:I270,MATCH($Q58,'GA Runs'!M266:M270,0))) -> 59.176 | W58: =IF(OR($K58="",$Q58="",NOT(ISNUMBER($K58))),"",100*($Q58-$K58)/$K58) -> 10.604899 | X58: =IF(COUNT('GA Runs'!M266:M270)=0,"",AVERAGE('GA Runs'!M266:M270)) -> 17529.001 | Y58: =IF(COUNT('GA Runs'!M266:M270)<2,"",_xlfn.STDEV.S('GA Runs'!M266:M270)) -> 812.24879 | Z58: =COUNT('GA Runs'!M266:M270) -> 5 | AA58: =IF($Z58=0,"",AVERAGEIF('GA Runs'!M266:M270,">=0",'GA Runs'!I266:I270)) -> 65.6114 | AB58: 22167.89 | AC58: 1837.93 | AD58: 1329.95 | AE58: 19000 | AF58: 5 | AG58: 18.32 | AH58: =IF(OR($AC58="",$R58="",$AC58=0),"",100*($AC58-$R58)/$AC58) -> 43.900203 | AI58: =IF($U58="","",100*($C58-$U58)/$C58) -> 76.666667 | AJ58: =IF($AF58="","",100*($C58-$AF58)/$C58) -> 91.666667 | AK58: =IF(OR($AI58="",$AJ58=""),"",$AI58-$AJ58) -> -15 | AL58: =IF($Q58="","",IF(ABS($Q58-SUM($R58:$T58))<0.05,"OK","CHECK")) -> OK
A59: 60-1-4 | B59: 10 | C59: 60 | D59: 10 | E59: 5 | F59: 0.75 | G59: 45 | H59: 15 | I59: 0.1 | J59: 6 | K59: 14464.9 | L59: 1194.1 | M59: 1270.8 | N59: 12000 | O59: 3 (3D) | P59: 10998 | Q59: =IF(COUNT('GA Runs'!M271:M275)=0,"",MIN('GA Runs'!M271:M275)) -> 16667.029 | R59: =IF($Q59="","",INDEX('GA Runs'!E271:E275,MATCH($Q59,'GA Runs'!M271:M275,0))) -> 1320.269 | S59: =IF($Q59="","",INDEX('GA Runs'!F271:F275,MATCH($Q59,'GA Runs'!M271:M275,0))) -> 1346.76 | T59: =IF($Q59="","",INDEX('GA Runs'!G271:G275,MATCH($Q59,'GA Runs'!M271:M275,0))) -> 14000 | U59: =IF($Q59="","",INDEX('GA Runs'!H271:H275,MATCH($Q59,'GA Runs'!M271:M275,0))) -> 14 | V59: =IF($Q59="","",INDEX('GA Runs'!I271:I275,MATCH($Q59,'GA Runs'!M271:M275,0))) -> 65.964 | W59: =IF(OR($K59="",$Q59="",NOT(ISNUMBER($K59))),"",100*($Q59-$K59)/$K59) -> 15.223949 | X59: =IF(COUNT('GA Runs'!M271:M275)=0,"",AVERAGE('GA Runs'!M271:M275)) -> 17058.29 | Y59: =IF(COUNT('GA Runs'!M271:M275)<2,"",_xlfn.STDEV.S('GA Runs'!M271:M275)) -> 487.55718 | Z59: =COUNT('GA Runs'!M271:M275) -> 5 | AA59: =IF($Z59=0,"",AVERAGEIF('GA Runs'!M271:M275,">=0",'GA Runs'!I271:I275)) -> 67.23 | AB59: 21034.16 | AC59: 2781.55 | AD59: 1252.61 | AE59: 17000 | AF59: 4 | AG59: 8.69 | AH59: =IF(OR($AC59="",$R59="",$AC59=0),"",100*($AC59-$R59)/$AC59) -> 52.534774 | AI59: =IF($U59="","",100*($C59-$U59)/$C59) -> 76.666667 | AJ59: =IF($AF59="","",100*($C59-$AF59)/$C59) -> 93.333333 | AK59: =IF(OR($AI59="",$AJ59=""),"",$AI59-$AJ59) -> -16.666667 | AL59: =IF($Q59="","",IF(ABS($Q59-SUM($R59:$T59))<0.05,"OK","CHECK")) -> OK
A60: 60-1-5 | B60: 10 | C60: 60 | D60: 10 | E60: 5 | F60: 0.9 | G60: 54 | H60: 6 | I60: 0.1 | J60: 6 | K60: N/A | L60: N/A | M60: N/A | N60: N/A | O60: N/A | P60: 21600 | Q60: =IF(COUNT('GA Runs'!M276:M280)=0,"",MIN('GA Runs'!M276:M280)) -> 16591.124 | R60: =IF($Q60="","",INDEX('GA Runs'!E276:E280,MATCH($Q60,'GA Runs'!M276:M280,0))) -> 2199.942 | S60: =IF($Q60="","",INDEX('GA Runs'!F276:F280,MATCH($Q60,'GA Runs'!M276:M280,0))) -> 1391.182 | T60: =IF($Q60="","",INDEX('GA Runs'!G276:G280,MATCH($Q60,'GA Runs'!M276:M280,0))) -> 13000 | U60: =IF($Q60="","",INDEX('GA Runs'!H276:H280,MATCH($Q60,'GA Runs'!M276:M280,0))) -> 13 | V60: =IF($Q60="","",INDEX('GA Runs'!I276:I280,MATCH($Q60,'GA Runs'!M276:M280,0))) -> 65.128 | W60: =IF(OR($K60="",$Q60="",NOT(ISNUMBER($K60))),"",100*($Q60-$K60)/$K60) | X60: =IF(COUNT('GA Runs'!M276:M280)=0,"",AVERAGE('GA Runs'!M276:M280)) -> 16938.683 | Y60: =IF(COUNT('GA Runs'!M276:M280)<2,"",_xlfn.STDEV.S('GA Runs'!M276:M280)) -> 298.96577 | Z60: =COUNT('GA Runs'!M276:M280) -> 5 | AA60: =IF($Z60=0,"",AVERAGEIF('GA Runs'!M276:M280,">=0",'GA Runs'!I276:I280)) -> 60.7892 | AB60: 23807.68 | AC60: 3596.67 | AD60: 1211.02 | AE60: 19000 | AF60: 5 | AG60: 6.9 | AH60: =IF(OR($AC60="",$R60="",$AC60=0),"",100*($AC60-$R60)/$AC60) -> 38.833921 | AI60: =IF($U60="","",100*($C60-$U60)/$C60) -> 78.333333 | AJ60: =IF($AF60="","",100*($C60-$AF60)/$C60) -> 91.666667 | AK60: =IF(OR($AI60="",$AJ60=""),"",$AI60-$AJ60) -> -13.333333 | AL60: =IF($Q60="","",IF(ABS($Q60-SUM($R60:$T60))<0.05,"OK","CHECK")) -> OK
A61: 60-2-1 | B61: 13 | C61: 60 | D61: 10 | E61: 5 | F61: 0.1 | G61: 6 | H61: 54 | I61: 0.1 | J61: 6 | K61: 1191.8 | L61: 0.3 | M61: 1191.5 | N61: 0 | O61: 0 | P61: 83 | Q61: =IF(COUNT('GA Runs'!M281:M285)=0,"",MIN('GA Runs'!M281:M285)) -> 1833.323 | R61: =IF($Q61="","",INDEX('GA Runs'!E281:E285,MATCH($Q61,'GA Runs'!M281:M285,0))) -> 403.685 | S61: =IF($Q61="","",INDEX('GA Runs'!F281:F285,MATCH($Q61,'GA Runs'!M281:M285,0))) -> 1429.638 | T61: =IF($Q61="","",INDEX('GA Runs'!G281:G285,MATCH($Q61,'GA Runs'!M281:M285,0))) -> 0 | U61: =IF($Q61="","",INDEX('GA Runs'!H281:H285,MATCH($Q61,'GA Runs'!M281:M285,0))) -> 0 | V61: =IF($Q61="","",INDEX('GA Runs'!I281:I285,MATCH($Q61,'GA Runs'!M281:M285,0))) -> 79.211 | W61: =IF(OR($K61="",$Q61="",NOT(ISNUMBER($K61))),"",100*($Q61-$K61)/$K61) -> 53.828075 | X61: =IF(COUNT('GA Runs'!M281:M285)=0,"",AVERAGE('GA Runs'!M281:M285)) -> 3870.0356 | Y61: =IF(COUNT('GA Runs'!M281:M285)<2,"",_xlfn.STDEV.S('GA Runs'!M281:M285)) -> 1140.0941 | Z61: =COUNT('GA Runs'!M281:M285) -> 5 | AA61: =IF($Z61=0,"",AVERAGEIF('GA Runs'!M281:M285,">=0",'GA Runs'!I281:I285)) -> 73.6282 | AB61: 1777.61 | AC61: 576.27 | AD61: 1201.34 | AE61: 0 | AF61: 0 | AG61: 276.02 | AH61: =IF(OR($AC61="",$R61="",$AC61=0),"",100*($AC61-$R61)/$AC61) -> 29.948635 | AI61: =IF($U61="","",100*($C61-$U61)/$C61) -> 100 | AJ61: =IF($AF61="","",100*($C61-$AF61)/$C61) -> 100 | AK61: =IF(OR($AI61="",$AJ61=""),"",$AI61-$AJ61) -> 0 | AL61: =IF($Q61="","",IF(ABS($Q61-SUM($R61:$T61))<0.05,"OK","CHECK")) -> OK
A62: 60-2-2 | B62: 13 | C62: 60 | D62: 10 | E62: 5 | F62: 0.25 | G62: 15 | H62: 45 | I62: 0.1 | J62: 6 | K62: 1549.1 | L62: 315.1 | M62: 1234 | N62: 0 | O62: 0 | P62: 64 | Q62: =IF(COUNT('GA Runs'!M286:M290)=0,"",MIN('GA Runs'!M286:M290)) -> 2133.906 | R62: =IF($Q62="","",INDEX('GA Runs'!E286:E290,MATCH($Q62,'GA Runs'!M286:M290,0))) -> 790.463 | S62: =IF($Q62="","",INDEX('GA Runs'!F286:F290,MATCH($Q62,'GA Runs'!M286:M290,0))) -> 1343.443 | T62: =IF($Q62="","",INDEX('GA Runs'!G286:G290,MATCH($Q62,'GA Runs'!M286:M290,0))) -> 0 | U62: =IF($Q62="","",INDEX('GA Runs'!H286:H290,MATCH($Q62,'GA Runs'!M286:M290,0))) -> 0 | V62: =IF($Q62="","",INDEX('GA Runs'!I286:I290,MATCH($Q62,'GA Runs'!M286:M290,0))) -> 68.419 | W62: =IF(OR($K62="",$Q62="",NOT(ISNUMBER($K62))),"",100*($Q62-$K62)/$K62) -> 37.751339 | X62: =IF(COUNT('GA Runs'!M286:M290)=0,"",AVERAGE('GA Runs'!M286:M290)) -> 4022.3888 | Y62: =IF(COUNT('GA Runs'!M286:M290)<2,"",_xlfn.STDEV.S('GA Runs'!M286:M290)) -> 1429.6268 | Z62: =COUNT('GA Runs'!M286:M290) -> 5 | AA62: =IF($Z62=0,"",AVERAGEIF('GA Runs'!M286:M290,">=0",'GA Runs'!I286:I290)) -> 72.1168 | AB62: 9154.59 | AC62: 929.24 | AD62: 1225.35 | AE62: 7000 | AF62: 2 | AG62: 96.91 | AH62: =IF(OR($AC62="",$R62="",$AC62=0),"",100*($AC62-$R62)/$AC62) -> 14.934463 | AI62: =IF($U62="","",100*($C62-$U62)/$C62) -> 100 | AJ62: =IF($AF62="","",100*($C62-$AF62)/$C62) -> 96.666667 | AK62: =IF(OR($AI62="",$AJ62=""),"",$AI62-$AJ62) -> 3.3333333 | AL62: =IF($Q62="","",IF(ABS($Q62-SUM($R62:$T62))<0.05,"OK","CHECK")) -> OK
A63: 60-2-3 | B63: 13 | C63: 60 | D63: 10 | E63: 5 | F63: 0.5 | G63: 30 | H63: 30 | I63: 0.1 | J63: 6 | K63: 2053.7 | L63: 735 | M63: 1318.7 | N63: 0 | O63: 0 | P63: 6512 | Q63: =IF(COUNT('GA Runs'!M291:M295)=0,"",MIN('GA Runs'!M291:M295)) -> 2795.665 | R63: =IF($Q63="","",INDEX('GA Runs'!E291:E295,MATCH($Q63,'GA Runs'!M291:M295,0))) -> 1322.664 | S63: =IF($Q63="","",INDEX('GA Runs'!F291:F295,MATCH($Q63,'GA Runs'!M291:M295,0))) -> 1473.001 | T63: =IF($Q63="","",INDEX('GA Runs'!G291:G295,MATCH($Q63,'GA Runs'!M291:M295,0))) -> 0 | U63: =IF($Q63="","",INDEX('GA Runs'!H291:H295,MATCH($Q63,'GA Runs'!M291:M295,0))) -> 0 | V63: =IF($Q63="","",INDEX('GA Runs'!I291:I295,MATCH($Q63,'GA Runs'!M291:M295,0))) -> 75.744 | W63: =IF(OR($K63="",$Q63="",NOT(ISNUMBER($K63))),"",100*($Q63-$K63)/$K63) -> 36.128208 | X63: =IF(COUNT('GA Runs'!M291:M295)=0,"",AVERAGE('GA Runs'!M291:M295)) -> 5581.6916 | Y63: =IF(COUNT('GA Runs'!M291:M295)<2,"",_xlfn.STDEV.S('GA Runs'!M291:M295)) -> 1957.1945 | Z63: =COUNT('GA Runs'!M291:M295) -> 5 | AA63: =IF($Z63=0,"",AVERAGEIF('GA Runs'!M291:M295,">=0",'GA Runs'!I291:I295)) -> 75.177 | AB63: 13903.21 | AC63: 2566.73 | AD63: 1336.48 | AE63: 10000 | AF63: 3 | AG63: 8.53 | AH63: =IF(OR($AC63="",$R63="",$AC63=0),"",100*($AC63-$R63)/$AC63) -> 48.468908 | AI63: =IF($U63="","",100*($C63-$U63)/$C63) -> 100 | AJ63: =IF($AF63="","",100*($C63-$AF63)/$C63) -> 95 | AK63: =IF(OR($AI63="",$AJ63=""),"",$AI63-$AJ63) -> 5 | AL63: =IF($Q63="","",IF(ABS($Q63-SUM($R63:$T63))<0.05,"OK","CHECK")) -> OK
A64: 60-2-4 | B64: 13 | C64: 60 | D64: 10 | E64: 5 | F64: 0.75 | G64: 45 | H64: 15 | I64: 0.1 | J64: 6 | K64: 2635.2 | L64: 1273.4 | M64: 1361.8 | N64: 0 | O64: 0 | P64: 5912 | Q64: =IF(COUNT('GA Runs'!M296:M300)=0,"",MIN('GA Runs'!M296:M300)) -> 3557.901 | R64: =IF($Q64="","",INDEX('GA Runs'!E296:E300,MATCH($Q64,'GA Runs'!M296:M300,0))) -> 2099.534 | S64: =IF($Q64="","",INDEX('GA Runs'!F296:F300,MATCH($Q64,'GA Runs'!M296:M300,0))) -> 1458.367 | T64: =IF($Q64="","",INDEX('GA Runs'!G296:G300,MATCH($Q64,'GA Runs'!M296:M300,0))) -> 0 | U64: =IF($Q64="","",INDEX('GA Runs'!H296:H300,MATCH($Q64,'GA Runs'!M296:M300,0))) -> 0 | V64: =IF($Q64="","",INDEX('GA Runs'!I296:I300,MATCH($Q64,'GA Runs'!M296:M300,0))) -> 71.333 | W64: =IF(OR($K64="",$Q64="",NOT(ISNUMBER($K64))),"",100*($Q64-$K64)/$K64) -> 35.014458 | X64: =IF(COUNT('GA Runs'!M296:M300)=0,"",AVERAGE('GA Runs'!M296:M300)) -> 4732.6822 | Y64: =IF(COUNT('GA Runs'!M296:M300)<2,"",_xlfn.STDEV.S('GA Runs'!M296:M300)) -> 1418.0918 | Z64: =COUNT('GA Runs'!M296:M300) -> 5 | AA64: =IF($Z64=0,"",AVERAGEIF('GA Runs'!M296:M300,">=0",'GA Runs'!I296:I300)) -> 68.727 | AB64: 17903.04 | AC64: 3578.6 | AD64: 1324.44 | AE64: 13000 | AF64: 4 | AG64: 4.18 | AH64: =IF(OR($AC64="",$R64="",$AC64=0),"",100*($AC64-$R64)/$AC64) -> 41.330856 | AI64: =IF($U64="","",100*($C64-$U64)/$C64) -> 100 | AJ64: =IF($AF64="","",100*($C64-$AF64)/$C64) -> 93.333333 | AK64: =IF(OR($AI64="",$AJ64=""),"",$AI64-$AJ64) -> 6.6666667 | AL64: =IF($Q64="","",IF(ABS($Q64-SUM($R64:$T64))<0.05,"OK","CHECK")) -> OK
A65: 60-2-5 | B65: 13 | C65: 60 | D65: 10 | E65: 5 | F65: 0.9 | G65: 54 | H65: 6 | I65: 0.1 | J65: 6 | K65: N/A | L65: N/A | M65: N/A | N65: N/A | O65: N/A | P65: 21600 | Q65: =IF(COUNT('GA Runs'!M301:M305)=0,"",MIN('GA Runs'!M301:M305)) -> 3777.742 | R65: =IF($Q65="","",INDEX('GA Runs'!E301:E305,MATCH($Q65,'GA Runs'!M301:M305,0))) -> 2370.039 | S65: =IF($Q65="","",INDEX('GA Runs'!F301:F305,MATCH($Q65,'GA Runs'!M301:M305,0))) -> 1407.704 | T65: =IF($Q65="","",INDEX('GA Runs'!G301:G305,MATCH($Q65,'GA Runs'!M301:M305,0))) -> 0 | U65: =IF($Q65="","",INDEX('GA Runs'!H301:H305,MATCH($Q65,'GA Runs'!M301:M305,0))) -> 0 | V65: =IF($Q65="","",INDEX('GA Runs'!I301:I305,MATCH($Q65,'GA Runs'!M301:M305,0))) -> 68.624 | W65: =IF(OR($K65="",$Q65="",NOT(ISNUMBER($K65))),"",100*($Q65-$K65)/$K65) | X65: =IF(COUNT('GA Runs'!M301:M305)=0,"",AVERAGE('GA Runs'!M301:M305)) -> 4140.9176 | Y65: =IF(COUNT('GA Runs'!M301:M305)<2,"",_xlfn.STDEV.S('GA Runs'!M301:M305)) -> 220.50929 | Z65: =COUNT('GA Runs'!M301:M305) -> 5 | AA65: =IF($Z65=0,"",AVERAGEIF('GA Runs'!M301:M305,">=0",'GA Runs'!I301:I305)) -> 68.5936 | AB65: 15723.4 | AC65: 4431.03 | AD65: 1292.37 | AE65: 10000 | AF65: 3 | AG65: 4.29 | AH65: =IF(OR($AC65="",$R65="",$AC65=0),"",100*($AC65-$R65)/$AC65) -> 46.512684 | AI65: =IF($U65="","",100*($C65-$U65)/$C65) -> 100 | AJ65: =IF($AF65="","",100*($C65-$AF65)/$C65) -> 95 | AK65: =IF(OR($AI65="",$AJ65=""),"",$AI65-$AJ65) -> 5 | AL65: =IF($Q65="","",IF(ABS($Q65-SUM($R65:$T65))<0.05,"OK","CHECK")) -> OK
A66: 60-3-1 | B66: 27 | C66: 60 | D66: 10 | E66: 5 | F66: 0.1 | G66: 6 | H66: 54 | I66: 0.1 | J66: 6 | K66: 19090.8 | L66: 2.6 | M66: 1088.2 | N66: 18000 | O66: 4 (4A) | P66: 535 | Q66: =IF(COUNT('GA Runs'!M306:M310)=0,"",MIN('GA Runs'!M306:M310)) -> 25292.845 | R66: =IF($Q66="","",INDEX('GA Runs'!E306:E310,MATCH($Q66,'GA Runs'!M306:M310,0))) -> 92.02 | S66: =IF($Q66="","",INDEX('GA Runs'!F306:F310,MATCH($Q66,'GA Runs'!M306:M310,0))) -> 1200.825 | T66: =IF($Q66="","",INDEX('GA Runs'!G306:G310,MATCH($Q66,'GA Runs'!M306:M310,0))) -> 24000 | U66: =IF($Q66="","",INDEX('GA Runs'!H306:H310,MATCH($Q66,'GA Runs'!M306:M310,0))) -> 24 | V66: =IF($Q66="","",INDEX('GA Runs'!I306:I310,MATCH($Q66,'GA Runs'!M306:M310,0))) -> 67.461 | W66: =IF(OR($K66="",$Q66="",NOT(ISNUMBER($K66))),"",100*($Q66-$K66)/$K66) -> 32.487088 | X66: =IF(COUNT('GA Runs'!M306:M310)=0,"",AVERAGE('GA Runs'!M306:M310)) -> 29110.518 | Y66: =IF(COUNT('GA Runs'!M306:M310)<2,"",_xlfn.STDEV.S('GA Runs'!M306:M310)) -> 2496.6298 | Z66: =COUNT('GA Runs'!M306:M310) -> 5 | AA66: =IF($Z66=0,"",AVERAGEIF('GA Runs'!M306:M310,">=0",'GA Runs'!I306:I310)) -> 70.4646 | AB66: 25279.25 | AC66: 260.24 | AD66: 1019 | AE66: 24000 | AF66: 6 | AG66: 557.21 | AH66: =IF(OR($AC66="",$R66="",$AC66=0),"",100*($AC66-$R66)/$AC66) -> 64.640332 | AI66: =IF($U66="","",100*($C66-$U66)/$C66) -> 60 | AJ66: =IF($AF66="","",100*($C66-$AF66)/$C66) -> 90 | AK66: =IF(OR($AI66="",$AJ66=""),"",$AI66-$AJ66) -> -30 | AL66: =IF($Q66="","",IF(ABS($Q66-SUM($R66:$T66))<0.05,"OK","CHECK")) -> OK
A67: 60-3-2 | B67: 27 | C67: 60 | D67: 10 | E67: 5 | F67: 0.25 | G67: 15 | H67: 45 | I67: 0.1 | J67: 6 | K67: 18790.6 | L67: 748.5 | M67: 1042.1 | N67: 17000 | O67: 4 (3A + 1D) | P67: 10537 | Q67: =IF(COUNT('GA Runs'!M311:M315)=0,"",MIN('GA Runs'!M311:M315)) -> 21153.405 | R67: =IF($Q67="","",INDEX('GA Runs'!E311:E315,MATCH($Q67,'GA Runs'!M311:M315,0))) -> 988.562 | S67: =IF($Q67="","",INDEX('GA Runs'!F311:F315,MATCH($Q67,'GA Runs'!M311:M315,0))) -> 1164.844 | T67: =IF($Q67="","",INDEX('GA Runs'!G311:G315,MATCH($Q67,'GA Runs'!M311:M315,0))) -> 19000 | U67: =IF($Q67="","",INDEX('GA Runs'!H311:H315,MATCH($Q67,'GA Runs'!M311:M315,0))) -> 19 | V67: =IF($Q67="","",INDEX('GA Runs'!I311:I315,MATCH($Q67,'GA Runs'!M311:M315,0))) -> 75.79 | W67: =IF(OR($K67="",$Q67="",NOT(ISNUMBER($K67))),"",100*($Q67-$K67)/$K67) -> 12.574399 | X67: =IF(COUNT('GA Runs'!M311:M315)=0,"",AVERAGE('GA Runs'!M311:M315)) -> 22543.55 | Y67: =IF(COUNT('GA Runs'!M311:M315)<2,"",_xlfn.STDEV.S('GA Runs'!M311:M315)) -> 1705.7914 | Z67: =COUNT('GA Runs'!M311:M315) -> 5 | AA67: =IF($Z67=0,"",AVERAGEIF('GA Runs'!M311:M315,">=0",'GA Runs'!I311:I315)) -> 74.3962 | AB67: 28086.45 | AC67: 818.68 | AD67: 1267.77 | AE67: 26000 | AF67: 7 | AG67: 211.57 | AH67: =IF(OR($AC67="",$R67="",$AC67=0),"",100*($AC67-$R67)/$AC67) -> -20.750721 | AI67: =IF($U67="","",100*($C67-$U67)/$C67) -> 68.333333 | AJ67: =IF($AF67="","",100*($C67-$AF67)/$C67) -> 88.333333 | AK67: =IF(OR($AI67="",$AJ67=""),"",$AI67-$AJ67) -> -20 | AL67: =IF($Q67="","",IF(ABS($Q67-SUM($R67:$T67))<0.05,"OK","CHECK")) -> OK
A68: 60-3-3 | B68: 27 | C68: 60 | D68: 10 | E68: 5 | F68: 0.5 | G68: 30 | H68: 30 | I68: 0.1 | J68: 6 | K68: 18277.7 | L68: 1157.4 | M68: 1120.3 | N68: 16000 | O68: 4 (3A + 1D) | P68: 11059 | Q68: =IF(COUNT('GA Runs'!M316:M320)=0,"",MIN('GA Runs'!M316:M320)) -> 19600.834 | R68: =IF($Q68="","",INDEX('GA Runs'!E316:E320,MATCH($Q68,'GA Runs'!M316:M320,0))) -> 1344.358 | S68: =IF($Q68="","",INDEX('GA Runs'!F316:F320,MATCH($Q68,'GA Runs'!M316:M320,0))) -> 1256.476 | T68: =IF($Q68="","",INDEX('GA Runs'!G316:G320,MATCH($Q68,'GA Runs'!M316:M320,0))) -> 17000 | U68: =IF($Q68="","",INDEX('GA Runs'!H316:H320,MATCH($Q68,'GA Runs'!M316:M320,0))) -> 17 | V68: =IF($Q68="","",INDEX('GA Runs'!I316:I320,MATCH($Q68,'GA Runs'!M316:M320,0))) -> 70.626 | W68: =IF(OR($K68="",$Q68="",NOT(ISNUMBER($K68))),"",100*($Q68-$K68)/$K68) -> 7.2390618 | X68: =IF(COUNT('GA Runs'!M316:M320)=0,"",AVERAGE('GA Runs'!M316:M320)) -> 25612.975 | Y68: =IF(COUNT('GA Runs'!M316:M320)<2,"",_xlfn.STDEV.S('GA Runs'!M316:M320)) -> 3925.4653 | Z68: =COUNT('GA Runs'!M316:M320) -> 5 | AA68: =IF($Z68=0,"",AVERAGEIF('GA Runs'!M316:M320,">=0",'GA Runs'!I316:I320)) -> 71.595 | AB68: 34408.36 | AC68: 2270.08 | AD68: 1138.28 | AE68: 31000 | AF68: 7 | AG68: 12.76 | AH68: =IF(OR($AC68="",$R68="",$AC68=0),"",100*($AC68-$R68)/$AC68) -> 40.779268 | AI68: =IF($U68="","",100*($C68-$U68)/$C68) -> 71.666667 | AJ68: =IF($AF68="","",100*($C68-$AF68)/$C68) -> 88.333333 | AK68: =IF(OR($AI68="",$AJ68=""),"",$AI68-$AJ68) -> -16.666667 | AL68: =IF($Q68="","",IF(ABS($Q68-SUM($R68:$T68))<0.05,"OK","CHECK")) -> OK
A69: 60-3-4 | B69: 27 | C69: 60 | D69: 10 | E69: 5 | F69: 0.75 | G69: 45 | H69: 15 | I69: 0.1 | J69: 6 | K69: 18368 | L69: 2137.9 | M69: 1230.1 | N69: 15000 | O69: 4 (3A + 1D) | P69: 15023 | Q69: =IF(COUNT('GA Runs'!M321:M325)=0,"",MIN('GA Runs'!M321:M325)) -> 22584.928 | R69: =IF($Q69="","",INDEX('GA Runs'!E321:E325,MATCH($Q69,'GA Runs'!M321:M325,0))) -> 2464.394 | S69: =IF($Q69="","",INDEX('GA Runs'!F321:F325,MATCH($Q69,'GA Runs'!M321:M325,0))) -> 1120.533 | T69: =IF($Q69="","",INDEX('GA Runs'!G321:G325,MATCH($Q69,'GA Runs'!M321:M325,0))) -> 19000 | U69: =IF($Q69="","",INDEX('GA Runs'!H321:H325,MATCH($Q69,'GA Runs'!M321:M325,0))) -> 19 | V69: =IF($Q69="","",INDEX('GA Runs'!I321:I325,MATCH($Q69,'GA Runs'!M321:M325,0))) -> 65.77 | W69: =IF(OR($K69="",$Q69="",NOT(ISNUMBER($K69))),"",100*($Q69-$K69)/$K69) -> 22.958014 | X69: =IF(COUNT('GA Runs'!M321:M325)=0,"",AVERAGE('GA Runs'!M321:M325)) -> 23976.017 | Y69: =IF(COUNT('GA Runs'!M321:M325)<2,"",_xlfn.STDEV.S('GA Runs'!M321:M325)) -> 1400.1671 | Z69: =COUNT('GA Runs'!M321:M325) -> 5 | AA69: =IF($Z69=0,"",AVERAGEIF('GA Runs'!M321:M325,">=0",'GA Runs'!I321:I325)) -> 70.7514 | AB69: 30155.25 | AC69: 3944.41 | AD69: 1210.84 | AE69: 25000 | AF69: 6 | AG69: 50.53 | AH69: =IF(OR($AC69="",$R69="",$AC69=0),"",100*($AC69-$R69)/$AC69) -> 37.52186 | AI69: =IF($U69="","",100*($C69-$U69)/$C69) -> 68.333333 | AJ69: =IF($AF69="","",100*($C69-$AF69)/$C69) -> 90 | AK69: =IF(OR($AI69="",$AJ69=""),"",$AI69-$AJ69) -> -21.666667 | AL69: =IF($Q69="","",IF(ABS($Q69-SUM($R69:$T69))<0.05,"OK","CHECK")) -> OK
A70: 60-3-5 | B70: 27 | C70: 60 | D70: 10 | E70: 5 | F70: 0.9 | G70: 54 | H70: 6 | I70: 0.1 | J70: 6 | K70: N/A | L70: N/A | M70: N/A | N70: N/A | O70: N/A | P70: 21600 | Q70: =IF(COUNT('GA Runs'!M326:M330)=0,"",MIN('GA Runs'!M326:M330)) -> 20084.795 | R70: =IF($Q70="","",INDEX('GA Runs'!E326:E330,MATCH($Q70,'GA Runs'!M326:M330,0))) -> 2820.314 | S70: =IF($Q70="","",INDEX('GA Runs'!F326:F330,MATCH($Q70,'GA Runs'!M326:M330,0))) -> 1264.482 | T70: =IF($Q70="","",INDEX('GA Runs'!G326:G330,MATCH($Q70,'GA Runs'!M326:M330,0))) -> 16000 | U70: =IF($Q70="","",INDEX('GA Runs'!H326:H330,MATCH($Q70,'GA Runs'!M326:M330,0))) -> 16 | V70: =IF($Q70="","",INDEX('GA Runs'!I326:I330,MATCH($Q70,'GA Runs'!M326:M330,0))) -> 69.165 | W70: =IF(OR($K70="",$Q70="",NOT(ISNUMBER($K70))),"",100*($Q70-$K70)/$K70) | X70: =IF(COUNT('GA Runs'!M326:M330)=0,"",AVERAGE('GA Runs'!M326:M330)) -> 23601.255 | Y70: =IF(COUNT('GA Runs'!M326:M330)<2,"",_xlfn.STDEV.S('GA Runs'!M326:M330)) -> 2603.5749 | Z70: =COUNT('GA Runs'!M326:M330) -> 5 | AA70: =IF($Z70=0,"",AVERAGEIF('GA Runs'!M326:M330,">=0",'GA Runs'!I326:I330)) -> 65.344 | AB70: 33498.23 | AC70: 4245.74 | AD70: 1252.49 | AE70: 28000 | AF70: 7 | AG70: 478.66 | AH70: =IF(OR($AC70="",$R70="",$AC70=0),"",100*($AC70-$R70)/$AC70) -> 33.573087 | AI70: =IF($U70="","",100*($C70-$U70)/$C70) -> 73.333333 | AJ70: =IF($AF70="","",100*($C70-$AF70)/$C70) -> 88.333333 | AK70: =IF(OR($AI70="",$AJ70=""),"",$AI70-$AJ70) -> -15 | AL70: =IF($Q70="","",IF(ABS($Q70-SUM($R70:$T70))<0.05,"OK","CHECK")) -> OK
A71: 60-4-1 | B71: 64 | C71: 60 | D71: 10 | E71: 5 | F71: 0.1 | G71: 6 | H71: 54 | I71: 0.1 | J71: 6 | K71: 10698.4 | L71: 428.1 | M71: 1270.3 | N71: 9000 | O71: 3 (3A) | P71: 5240 | Q71: =IF(COUNT('GA Runs'!M331:M335)=0,"",MIN('GA Runs'!M331:M335)) -> 14605.217 | R71: =IF($Q71="","",INDEX('GA Runs'!E331:E335,MATCH($Q71,'GA Runs'!M331:M335,0))) -> 286.038 | S71: =IF($Q71="","",INDEX('GA Runs'!F331:F335,MATCH($Q71,'GA Runs'!M331:M335,0))) -> 1319.179 | T71: =IF($Q71="","",INDEX('GA Runs'!G331:G335,MATCH($Q71,'GA Runs'!M331:M335,0))) -> 13000 | U71: =IF($Q71="","",INDEX('GA Runs'!H331:H335,MATCH($Q71,'GA Runs'!M331:M335,0))) -> 13 | V71: =IF($Q71="","",INDEX('GA Runs'!I331:I335,MATCH($Q71,'GA Runs'!M331:M335,0))) -> 69.578 | W71: =IF(OR($K71="",$Q71="",NOT(ISNUMBER($K71))),"",100*($Q71-$K71)/$K71) -> 36.517769 | X71: =IF(COUNT('GA Runs'!M331:M335)=0,"",AVERAGE('GA Runs'!M331:M335)) -> 17214.317 | Y71: =IF(COUNT('GA Runs'!M331:M335)<2,"",_xlfn.STDEV.S('GA Runs'!M331:M335)) -> 2164.5789 | Z71: =COUNT('GA Runs'!M331:M335) -> 5 | AA71: =IF($Z71=0,"",AVERAGEIF('GA Runs'!M331:M335,">=0",'GA Runs'!I331:I335)) -> 67.2192 | AB71: 14093.13 | AC71: 816.69 | AD71: 1276.44 | AE71: 12000 | AF71: 4 | AG71: 781.94 | AH71: =IF(OR($AC71="",$R71="",$AC71=0),"",100*($AC71-$R71)/$AC71) -> 64.975939 | AI71: =IF($U71="","",100*($C71-$U71)/$C71) -> 78.333333 | AJ71: =IF($AF71="","",100*($C71-$AF71)/$C71) -> 93.333333 | AK71: =IF(OR($AI71="",$AJ71=""),"",$AI71-$AJ71) -> -15 | AL71: =IF($Q71="","",IF(ABS($Q71-SUM($R71:$T71))<0.05,"OK","CHECK")) -> OK
A72: 60-4-2 | B72: 64 | C72: 60 | D72: 10 | E72: 5 | F72: 0.25 | G72: 15 | H72: 45 | I72: 0.1 | J72: 6 | K72: 10766.4 | L72: 512.8 | M72: 1253.9 | N72: 9000 | O72: 3 (2A + 1D) | P72: 9582 | Q72: =IF(COUNT('GA Runs'!M336:M340)=0,"",MIN('GA Runs'!M336:M340)) -> 13970.39 | R72: =IF($Q72="","",INDEX('GA Runs'!E336:E340,MATCH($Q72,'GA Runs'!M336:M340,0))) -> 581.198 | S72: =IF($Q72="","",INDEX('GA Runs'!F336:F340,MATCH($Q72,'GA Runs'!M336:M340,0))) -> 1389.192 | T72: =IF($Q72="","",INDEX('GA Runs'!G336:G340,MATCH($Q72,'GA Runs'!M336:M340,0))) -> 12000 | U72: =IF($Q72="","",INDEX('GA Runs'!H336:H340,MATCH($Q72,'GA Runs'!M336:M340,0))) -> 12 | V72: =IF($Q72="","",INDEX('GA Runs'!I336:I340,MATCH($Q72,'GA Runs'!M336:M340,0))) -> 70.5 | W72: =IF(OR($K72="",$Q72="",NOT(ISNUMBER($K72))),"",100*($Q72-$K72)/$K72) -> 29.759158 | X72: =IF(COUNT('GA Runs'!M336:M340)=0,"",AVERAGE('GA Runs'!M336:M340)) -> 16316.112 | Y72: =IF(COUNT('GA Runs'!M336:M340)<2,"",_xlfn.STDEV.S('GA Runs'!M336:M340)) -> 1473.6416 | Z72: =COUNT('GA Runs'!M336:M340) -> 5 | AA72: =IF($Z72=0,"",AVERAGEIF('GA Runs'!M336:M340,">=0",'GA Runs'!I336:I340)) -> 66.058 | AB72: 16708.86 | AC72: 1459.11 | AD72: 1249.75 | AE72: 14000 | AF72: 4 | AG72: 108.85 | AH72: =IF(OR($AC72="",$R72="",$AC72=0),"",100*($AC72-$R72)/$AC72) -> 60.167636 | AI72: =IF($U72="","",100*($C72-$U72)/$C72) -> 80 | AJ72: =IF($AF72="","",100*($C72-$AF72)/$C72) -> 93.333333 | AK72: =IF(OR($AI72="",$AJ72=""),"",$AI72-$AJ72) -> -13.333333 | AL72: =IF($Q72="","",IF(ABS($Q72-SUM($R72:$T72))<0.05,"OK","CHECK")) -> OK
A73: 60-4-3 | B73: 64 | C73: 60 | D73: 10 | E73: 5 | F73: 0.5 | G73: 30 | H73: 30 | I73: 0.1 | J73: 6 | K73: 15989.1 | L73: 808 | M73: 1181 | N73: 14000 | O73: 4 (2A + 2D) | P73: 14874 | Q73: =IF(COUNT('GA Runs'!M341:M345)=0,"",MIN('GA Runs'!M341:M345)) -> 16561.702 | R73: =IF($Q73="","",INDEX('GA Runs'!E341:E345,MATCH($Q73,'GA Runs'!M341:M345,0))) -> 1175.409 | S73: =IF($Q73="","",INDEX('GA Runs'!F341:F345,MATCH($Q73,'GA Runs'!M341:M345,0))) -> 1386.293 | T73: =IF($Q73="","",INDEX('GA Runs'!G341:G345,MATCH($Q73,'GA Runs'!M341:M345,0))) -> 14000 | U73: =IF($Q73="","",INDEX('GA Runs'!H341:H345,MATCH($Q73,'GA Runs'!M341:M345,0))) -> 14 | V73: =IF($Q73="","",INDEX('GA Runs'!I341:I345,MATCH($Q73,'GA Runs'!M341:M345,0))) -> 65.958 | W73: =IF(OR($K73="",$Q73="",NOT(ISNUMBER($K73))),"",100*($Q73-$K73)/$K73) -> 3.5812022 | X73: =IF(COUNT('GA Runs'!M341:M345)=0,"",AVERAGE('GA Runs'!M341:M345)) -> 18706.264 | Y73: =IF(COUNT('GA Runs'!M341:M345)<2,"",_xlfn.STDEV.S('GA Runs'!M341:M345)) -> 2245.3566 | Z73: =COUNT('GA Runs'!M341:M345) -> 5 | AA73: =IF($Z73=0,"",AVERAGEIF('GA Runs'!M341:M345,">=0",'GA Runs'!I341:I345)) -> 64.2294 | AB73: 21870.95 | AC73: 2650.32 | AD73: 1220.63 | AE73: 18000 | AF73: 5 | AG73: 20.02 | AH73: =IF(OR($AC73="",$R73="",$AC73=0),"",100*($AC73-$R73)/$AC73) -> 55.650299 | AI73: =IF($U73="","",100*($C73-$U73)/$C73) -> 76.666667 | AJ73: =IF($AF73="","",100*($C73-$AF73)/$C73) -> 91.666667 | AK73: =IF(OR($AI73="",$AJ73=""),"",$AI73-$AJ73) -> -15 | AL73: =IF($Q73="","",IF(ABS($Q73-SUM($R73:$T73))<0.05,"OK","CHECK")) -> OK
A74: 60-4-4 | B74: 64 | C74: 60 | D74: 10 | E74: 5 | F74: 0.75 | G74: 45 | H74: 15 | I74: 0.1 | J74: 6 | K74: 13289.1 | L74: 940.5 | M74: 1348.5 | N74: 11000 | O74: 3 (3D) | P74: 21103 | Q74: =IF(COUNT('GA Runs'!M346:M350)=0,"",MIN('GA Runs'!M346:M350)) -> 14533.278 | R74: =IF($Q74="","",INDEX('GA Runs'!E346:E350,MATCH($Q74,'GA Runs'!M346:M350,0))) -> 2040.19 | S74: =IF($Q74="","",INDEX('GA Runs'!F346:F350,MATCH($Q74,'GA Runs'!M346:M350,0))) -> 1493.088 | T74: =IF($Q74="","",INDEX('GA Runs'!G346:G350,MATCH($Q74,'GA Runs'!M346:M350,0))) -> 11000 | U74: =IF($Q74="","",INDEX('GA Runs'!H346:H350,MATCH($Q74,'GA Runs'!M346:M350,0))) -> 11 | V74: =IF($Q74="","",INDEX('GA Runs'!I346:I350,MATCH($Q74,'GA Runs'!M346:M350,0))) -> 58.545 | W74: =IF(OR($K74="",$Q74="",NOT(ISNUMBER($K74))),"",100*($Q74-$K74)/$K74) -> 9.3623947 | X74: =IF(COUNT('GA Runs'!M346:M350)=0,"",AVERAGE('GA Runs'!M346:M350)) -> 17315.906 | Y74: =IF(COUNT('GA Runs'!M346:M350)<2,"",_xlfn.STDEV.S('GA Runs'!M346:M350)) -> 1851.6237 | Z74: =COUNT('GA Runs'!M346:M350) -> 5 | AA74: =IF($Z74=0,"",AVERAGEIF('GA Runs'!M346:M350,">=0",'GA Runs'!I346:I350)) -> 59.6324 | AB74: 25253.89 | AC74: 3000.38 | AD74: 1253.51 | AE74: 21000 | AF74: 6 | AG74: 4.75 | AH74: =IF(OR($AC74="",$R74="",$AC74=0),"",100*($AC74-$R74)/$AC74) -> 32.00228 | AI74: =IF($U74="","",100*($C74-$U74)/$C74) -> 81.666667 | AJ74: =IF($AF74="","",100*($C74-$AF74)/$C74) -> 90 | AK74: =IF(OR($AI74="",$AJ74=""),"",$AI74-$AJ74) -> -8.3333333 | AL74: =IF($Q74="","",IF(ABS($Q74-SUM($R74:$T74))<0.05,"OK","CHECK")) -> OK
A75: 60-4-5 | B75: 64 | C75: 60 | D75: 10 | E75: 5 | F75: 0.9 | G75: 54 | H75: 6 | I75: 0.1 | J75: 6 | K75: N/A | L75: N/A | M75: N/A | N75: N/A | O75: N/A | P75: 21600 | Q75: =IF(COUNT('GA Runs'!M351:M355)=0,"",MIN('GA Runs'!M351:M355)) -> 14552.113 | R75: =IF($Q75="","",INDEX('GA Runs'!E351:E355,MATCH($Q75,'GA Runs'!M351:M355,0))) -> 2166.752 | S75: =IF($Q75="","",INDEX('GA Runs'!F351:F355,MATCH($Q75,'GA Runs'!M351:M355,0))) -> 1385.36 | T75: =IF($Q75="","",INDEX('GA Runs'!G351:G355,MATCH($Q75,'GA Runs'!M351:M355,0))) -> 11000 | U75: =IF($Q75="","",INDEX('GA Runs'!H351:H355,MATCH($Q75,'GA Runs'!M351:M355,0))) -> 11 | V75: =IF($Q75="","",INDEX('GA Runs'!I351:I355,MATCH($Q75,'GA Runs'!M351:M355,0))) -> 63.599 | W75: =IF(OR($K75="",$Q75="",NOT(ISNUMBER($K75))),"",100*($Q75-$K75)/$K75) | X75: =IF(COUNT('GA Runs'!M351:M355)=0,"",AVERAGE('GA Runs'!M351:M355)) -> 15809.019 | Y75: =IF(COUNT('GA Runs'!M351:M355)<2,"",_xlfn.STDEV.S('GA Runs'!M351:M355)) -> 1645.5326 | Z75: =COUNT('GA Runs'!M351:M355) -> 5 | AA75: =IF($Z75=0,"",AVERAGEIF('GA Runs'!M351:M355,">=0",'GA Runs'!I351:I355)) -> 61.656 | AB75: 25189.28 | AC75: 3920.98 | AD75: 1268.31 | AE75: 20000 | AF75: 6 | AG75: 4.09 | AH75: =IF(OR($AC75="",$R75="",$AC75=0),"",100*($AC75-$R75)/$AC75) -> 44.739529 | AI75: =IF($U75="","",100*($C75-$U75)/$C75) -> 81.666667 | AJ75: =IF($AF75="","",100*($C75-$AF75)/$C75) -> 90 | AK75: =IF(OR($AI75="",$AJ75=""),"",$AI75-$AJ75) -> -8.3333333 | AL75: =IF($Q75="","",IF(ABS($Q75-SUM($R75:$T75))<0.05,"OK","CHECK")) -> OK
A76: 60-5-1 | B76: 42 | C76: 60 | D76: 10 | E76: 5 | F76: 0.1 | G76: 6 | H76: 54 | I76: 0.1 | J76: 6 | K76: 16274 | L76: 199.1 | M76: 1074.9 | N76: 15000 | O76: 5 (5A) | P76: 3130 | Q76: =IF(COUNT('GA Runs'!M356:M360)=0,"",MIN('GA Runs'!M356:M360)) -> 19425.553 | R76: =IF($Q76="","",INDEX('GA Runs'!E356:E360,MATCH($Q76,'GA Runs'!M356:M360,0))) -> 205.167 | S76: =IF($Q76="","",INDEX('GA Runs'!F356:F360,MATCH($Q76,'GA Runs'!M356:M360,0))) -> 1220.386 | T76: =IF($Q76="","",INDEX('GA Runs'!G356:G360,MATCH($Q76,'GA Runs'!M356:M360,0))) -> 18000 | U76: =IF($Q76="","",INDEX('GA Runs'!H356:H360,MATCH($Q76,'GA Runs'!M356:M360,0))) -> 18 | V76: =IF($Q76="","",INDEX('GA Runs'!I356:I360,MATCH($Q76,'GA Runs'!M356:M360,0))) -> 72.274 | W76: =IF(OR($K76="",$Q76="",NOT(ISNUMBER($K76))),"",100*($Q76-$K76)/$K76) -> 19.365571 | X76: =IF(COUNT('GA Runs'!M356:M360)=0,"",AVERAGE('GA Runs'!M356:M360)) -> 20796.652 | Y76: =IF(COUNT('GA Runs'!M356:M360)<2,"",_xlfn.STDEV.S('GA Runs'!M356:M360)) -> 1988.3175 | Z76: =COUNT('GA Runs'!M356:M360) -> 5 | AA76: =IF($Z76=0,"",AVERAGEIF('GA Runs'!M356:M360,">=0",'GA Runs'!I356:I360)) -> 70.5198 | AB76: 16569.01 | AC76: 512.37 | AD76: 1056.64 | AE76: 15000 | AF76: 5 | AG76: 388.39 | AH76: =IF(OR($AC76="",$R76="",$AC76=0),"",100*($AC76-$R76)/$AC76) -> 59.957257 | AI76: =IF($U76="","",100*($C76-$U76)/$C76) -> 70 | AJ76: =IF($AF76="","",100*($C76-$AF76)/$C76) -> 91.666667 | AK76: =IF(OR($AI76="",$AJ76=""),"",$AI76-$AJ76) -> -21.666667 | AL76: =IF($Q76="","",IF(ABS($Q76-SUM($R76:$T76))<0.05,"OK","CHECK")) -> OK
A77: 60-5-2 | B77: 42 | C77: 60 | D77: 10 | E77: 5 | F77: 0.25 | G77: 15 | H77: 45 | I77: 0.1 | J77: 6 | K77: 16508.3 | L77: 351.6 | M77: 1156.7 | N77: 15000 | O77: 5 (3D+2A) | P77: 9998 | Q77: =IF(COUNT('GA Runs'!M361:M365)=0,"",MIN('GA Runs'!M361:M365)) -> 16731.979 | R77: =IF($Q77="","",INDEX('GA Runs'!E361:E365,MATCH($Q77,'GA Runs'!M361:M365,0))) -> 531.47 | S77: =IF($Q77="","",INDEX('GA Runs'!F361:F365,MATCH($Q77,'GA Runs'!M361:M365,0))) -> 1200.509 | T77: =IF($Q77="","",INDEX('GA Runs'!G361:G365,MATCH($Q77,'GA Runs'!M361:M365,0))) -> 15000 | U77: =IF($Q77="","",INDEX('GA Runs'!H361:H365,MATCH($Q77,'GA Runs'!M361:M365,0))) -> 15 | V77: =IF($Q77="","",INDEX('GA Runs'!I361:I365,MATCH($Q77,'GA Runs'!M361:M365,0))) -> 71.055 | W77: =IF(OR($K77="",$Q77="",NOT(ISNUMBER($K77))),"",100*($Q77-$K77)/$K77) -> 1.3549487 | X77: =IF(COUNT('GA Runs'!M361:M365)=0,"",AVERAGE('GA Runs'!M361:M365)) -> 19351.73 | Y77: =IF(COUNT('GA Runs'!M361:M365)<2,"",_xlfn.STDEV.S('GA Runs'!M361:M365)) -> 2751.9175 | Z77: =COUNT('GA Runs'!M361:M365) -> 5 | AA77: =IF($Z77=0,"",AVERAGEIF('GA Runs'!M361:M365,">=0",'GA Runs'!I361:I365)) -> 66.861 | AB77: 17249.42 | AC77: 1070.29 | AD77: 1179.14 | AE77: 15000 | AF77: 5 | AG77: 33.93 | AH77: =IF(OR($AC77="",$R77="",$AC77=0),"",100*($AC77-$R77)/$AC77) -> 50.343365 | AI77: =IF($U77="","",100*($C77-$U77)/$C77) -> 75 | AJ77: =IF($AF77="","",100*($C77-$AF77)/$C77) -> 91.666667 | AK77: =IF(OR($AI77="",$AJ77=""),"",$AI77-$AJ77) -> -16.666667 | AL77: =IF($Q77="","",IF(ABS($Q77-SUM($R77:$T77))<0.05,"OK","CHECK")) -> OK
A78: 60-5-3 | B78: 42 | C78: 60 | D78: 10 | E78: 5 | F78: 0.5 | G78: 30 | H78: 30 | I78: 0.1 | J78: 6 | K78: 14323.9 | L78: 1143.1 | M78: 1180.8 | N78: 12000 | O78: 4 (1A + 2D) | P78: 10801 | Q78: =IF(COUNT('GA Runs'!M366:M370)=0,"",MIN('GA Runs'!M366:M370)) -> 20151.723 | R78: =IF($Q78="","",INDEX('GA Runs'!E366:E370,MATCH($Q78,'GA Runs'!M366:M370,0))) -> 908.048 | S78: =IF($Q78="","",INDEX('GA Runs'!F366:F370,MATCH($Q78,'GA Runs'!M366:M370,0))) -> 1243.675 | T78: =IF($Q78="","",INDEX('GA Runs'!G366:G370,MATCH($Q78,'GA Runs'!M366:M370,0))) -> 18000 | U78: =IF($Q78="","",INDEX('GA Runs'!H366:H370,MATCH($Q78,'GA Runs'!M366:M370,0))) -> 18 | V78: =IF($Q78="","",INDEX('GA Runs'!I366:I370,MATCH($Q78,'GA Runs'!M366:M370,0))) -> 74.643 | W78: =IF(OR($K78="",$Q78="",NOT(ISNUMBER($K78))),"",100*($Q78-$K78)/$K78) -> 40.686007 | X78: =IF(COUNT('GA Runs'!M366:M370)=0,"",AVERAGE('GA Runs'!M366:M370)) -> 20299.647 | Y78: =IF(COUNT('GA Runs'!M366:M370)<2,"",_xlfn.STDEV.S('GA Runs'!M366:M370)) -> 112.22752 | Z78: =COUNT('GA Runs'!M366:M370) -> 5 | AA78: =IF($Z78=0,"",AVERAGEIF('GA Runs'!M366:M370,">=0",'GA Runs'!I366:I370)) -> 71.4124 | AB78: 22176.01 | AC78: 2024.74 | AD78: 1151.28 | AE78: 19000 | AF78: 6 | AG78: 8.65 | AH78: =IF(OR($AC78="",$R78="",$AC78=0),"",100*($AC78-$R78)/$AC78) -> 55.152365 | AI78: =IF($U78="","",100*($C78-$U78)/$C78) -> 70 | AJ78: =IF($AF78="","",100*($C78-$AF78)/$C78) -> 90 | AK78: =IF(OR($AI78="",$AJ78=""),"",$AI78-$AJ78) -> -20 | AL78: =IF($Q78="","",IF(ABS($Q78-SUM($R78:$T78))<0.05,"OK","CHECK")) -> OK
A79: 60-5-4 | B79: 42 | C79: 60 | D79: 10 | E79: 5 | F79: 0.75 | G79: 45 | H79: 15 | I79: 0.1 | J79: 6 | K79: 17471.2 | L79: 1310.7 | M79: 1160.5 | N79: 15000 | O79: 5 (5D) | P79: 14134 | Q79: =IF(COUNT('GA Runs'!M371:M375)=0,"",MIN('GA Runs'!M371:M375)) -> 17953.357 | R79: =IF($Q79="","",INDEX('GA Runs'!E371:E375,MATCH($Q79,'GA Runs'!M371:M375,0))) -> 1735.375 | S79: =IF($Q79="","",INDEX('GA Runs'!F371:F375,MATCH($Q79,'GA Runs'!M371:M375,0))) -> 1217.983 | T79: =IF($Q79="","",INDEX('GA Runs'!G371:G375,MATCH($Q79,'GA Runs'!M371:M375,0))) -> 15000 | U79: =IF($Q79="","",INDEX('GA Runs'!H371:H375,MATCH($Q79,'GA Runs'!M371:M375,0))) -> 15 | V79: =IF($Q79="","",INDEX('GA Runs'!I371:I375,MATCH($Q79,'GA Runs'!M371:M375,0))) -> 69.786 | W79: =IF(OR($K79="",$Q79="",NOT(ISNUMBER($K79))),"",100*($Q79-$K79)/$K79) -> 2.7597246 | X79: =IF(COUNT('GA Runs'!M371:M375)=0,"",AVERAGE('GA Runs'!M371:M375)) -> 20006.382 | Y79: =IF(COUNT('GA Runs'!M371:M375)<2,"",_xlfn.STDEV.S('GA Runs'!M371:M375)) -> 2960.4526 | Z79: =COUNT('GA Runs'!M371:M375) -> 5 | AA79: =IF($Z79=0,"",AVERAGEIF('GA Runs'!M371:M375,">=0",'GA Runs'!I371:I375)) -> 68.6282 | AB79: 23206.33 | AC79: 2999.09 | AD79: 1207.24 | AE79: 19000 | AF79: 6 | AG79: 5.27 | AH79: =IF(OR($AC79="",$R79="",$AC79=0),"",100*($AC79-$R79)/$AC79) -> 42.136615 | AI79: =IF($U79="","",100*($C79-$U79)/$C79) -> 75 | AJ79: =IF($AF79="","",100*($C79-$AF79)/$C79) -> 90 | AK79: =IF(OR($AI79="",$AJ79=""),"",$AI79-$AJ79) -> -15 | AL79: =IF($Q79="","",IF(ABS($Q79-SUM($R79:$T79))<0.05,"OK","CHECK")) -> OK
A80: 60-5-5 | B80: 42 | C80: 60 | D80: 10 | E80: 5 | F80: 0.9 | G80: 54 | H80: 6 | I80: 0.1 | J80: 6 | K80: N/A | L80: N/A | M80: N/A | N80: N/A | O80: N/A | P80: 21600 | Q80: =IF(COUNT('GA Runs'!M376:M380)=0,"",MIN('GA Runs'!M376:M380)) -> 18482.553 | R80: =IF($Q80="","",INDEX('GA Runs'!E376:E380,MATCH($Q80,'GA Runs'!M376:M380,0))) -> 2236.965 | S80: =IF($Q80="","",INDEX('GA Runs'!F376:F380,MATCH($Q80,'GA Runs'!M376:M380,0))) -> 1245.588 | T80: =IF($Q80="","",INDEX('GA Runs'!G376:G380,MATCH($Q80,'GA Runs'!M376:M380,0))) -> 15000 | U80: =IF($Q80="","",INDEX('GA Runs'!H376:H380,MATCH($Q80,'GA Runs'!M376:M380,0))) -> 15 | V80: =IF($Q80="","",INDEX('GA Runs'!I376:I380,MATCH($Q80,'GA Runs'!M376:M380,0))) -> 50.724 | W80: =IF(OR($K80="",$Q80="",NOT(ISNUMBER($K80))),"",100*($Q80-$K80)/$K80) | X80: =IF(COUNT('GA Runs'!M376:M380)=0,"",AVERAGE('GA Runs'!M376:M380)) -> 21764.471 | Y80: =IF(COUNT('GA Runs'!M376:M380)<2,"",_xlfn.STDEV.S('GA Runs'!M376:M380)) -> 2304.4441 | Z80: =COUNT('GA Runs'!M376:M380) -> 5 | AA80: =IF($Z80=0,"",AVERAGEIF('GA Runs'!M376:M380,">=0",'GA Runs'!I376:I380)) -> 57.8112 | AB80: 30267.72 | AC80: 4095.19 | AD80: 1172.53 | AE80: 25000 | AF80: 8 | AG80: 8.85 | AH80: =IF(OR($AC80="",$R80="",$AC80=0),"",100*($AC80-$R80)/$AC80) -> 45.375795 | AI80: =IF($U80="","",100*($C80-$U80)/$C80) -> 75 | AJ80: =IF($AF80="","",100*($C80-$AF80)/$C80) -> 86.666667 | AK80: =IF(OR($AI80="",$AJ80=""),"",$AI80-$AJ80) -> -11.666667 | AL80: =IF($Q80="","",IF(ABS($Q80-SUM($R80:$T80))<0.05,"OK","CHECK")) -> OK
A81: 80-1-1 | B81: 73 | C81: 80 | D81: 12 | E81: 4 | F81: 0.1 | G81: 8 | H81: 72 | I81: 0.1 | J81: 8 | K81: N/A | L81: N/A | M81: N/A | N81: N/A | O81: N/A | P81: 21600 | Q81: =IF(COUNT('GA Runs'!M381:M385)=0,"",MIN('GA Runs'!M381:M385)) -> 45275.063 | R81: =IF($Q81="","",INDEX('GA Runs'!E381:E385,MATCH($Q81,'GA Runs'!M381:M385,0))) -> 525.094 | S81: =IF($Q81="","",INDEX('GA Runs'!F381:F385,MATCH($Q81,'GA Runs'!M381:M385,0))) -> 1749.969 | T81: =IF($Q81="","",INDEX('GA Runs'!G381:G385,MATCH($Q81,'GA Runs'!M381:M385,0))) -> 43000 | U81: =IF($Q81="","",INDEX('GA Runs'!H381:H385,MATCH($Q81,'GA Runs'!M381:M385,0))) -> 43 | V81: =IF($Q81="","",INDEX('GA Runs'!I381:I385,MATCH($Q81,'GA Runs'!M381:M385,0))) -> 101.956 | W81: =IF(OR($K81="",$Q81="",NOT(ISNUMBER($K81))),"",100*($Q81-$K81)/$K81) | X81: =IF(COUNT('GA Runs'!M381:M385)=0,"",AVERAGE('GA Runs'!M381:M385)) -> 47070.597 | Y81: =IF(COUNT('GA Runs'!M381:M385)<2,"",_xlfn.STDEV.S('GA Runs'!M381:M385)) -> 1309.1637 | Z81: =COUNT('GA Runs'!M381:M385) -> 5 | AA81: =IF($Z81=0,"",AVERAGEIF('GA Runs'!M381:M385,">=0",'GA Runs'!I381:I385)) -> 104.1284 | AB81: 42050.7 | AC81: 549.6 | AD81: 1501.1 | AE81: 40000 | AF81: 12 | AG81: 117.23 | AH81: =IF(OR($AC81="",$R81="",$AC81=0),"",100*($AC81-$R81)/$AC81) -> 4.4588792 | AI81: =IF($U81="","",100*($C81-$U81)/$C81) -> 46.25 | AJ81: =IF($AF81="","",100*($C81-$AF81)/$C81) -> 85 | AK81: =IF(OR($AI81="",$AJ81=""),"",$AI81-$AJ81) -> -38.75 | AL81: =IF($Q81="","",IF(ABS($Q81-SUM($R81:$T81))<0.05,"OK","CHECK")) -> OK
A82: 80-1-2 | B82: 73 | C82: 80 | D82: 12 | E82: 4 | F82: 0.25 | G82: 20 | H82: 60 | I82: 0.1 | J82: 8 | K82: N/A | L82: N/A | M82: N/A | N82: N/A | O82: N/A | P82: 21600 | Q82: =IF(COUNT('GA Runs'!M386:M390)=0,"",MIN('GA Runs'!M386:M390)) -> 49074.504 | R82: =IF($Q82="","",INDEX('GA Runs'!E386:E390,MATCH($Q82,'GA Runs'!M386:M390,0))) -> 1276.876 | S82: =IF($Q82="","",INDEX('GA Runs'!F386:F390,MATCH($Q82,'GA Runs'!M386:M390,0))) -> 1797.628 | T82: =IF($Q82="","",INDEX('GA Runs'!G386:G390,MATCH($Q82,'GA Runs'!M386:M390,0))) -> 46000 | U82: =IF($Q82="","",INDEX('GA Runs'!H386:H390,MATCH($Q82,'GA Runs'!M386:M390,0))) -> 46 | V82: =IF($Q82="","",INDEX('GA Runs'!I386:I390,MATCH($Q82,'GA Runs'!M386:M390,0))) -> 102.981 | W82: =IF(OR($K82="",$Q82="",NOT(ISNUMBER($K82))),"",100*($Q82-$K82)/$K82) | X82: =IF(COUNT('GA Runs'!M386:M390)=0,"",AVERAGE('GA Runs'!M386:M390)) -> 50781.98 | Y82: =IF(COUNT('GA Runs'!M386:M390)<2,"",_xlfn.STDEV.S('GA Runs'!M386:M390)) -> 2025.9408 | Z82: =COUNT('GA Runs'!M386:M390) -> 5 | AA82: =IF($Z82=0,"",AVERAGEIF('GA Runs'!M386:M390,">=0",'GA Runs'!I386:I390)) -> 101.1926 | AB82: 50814.1 | AC82: 1059.2 | AD82: 1754.9 | AE82: 48000 | AF82: 13 | AG82: 99.04 | AH82: =IF(OR($AC82="",$R82="",$AC82=0),"",100*($AC82-$R82)/$AC82) -> -20.550982 | AI82: =IF($U82="","",100*($C82-$U82)/$C82) -> 42.5 | AJ82: =IF($AF82="","",100*($C82-$AF82)/$C82) -> 83.75 | AK82: =IF(OR($AI82="",$AJ82=""),"",$AI82-$AJ82) -> -41.25 | AL82: =IF($Q82="","",IF(ABS($Q82-SUM($R82:$T82))<0.05,"OK","CHECK")) -> OK
A83: 80-1-3 | B83: 73 | C83: 80 | D83: 12 | E83: 4 | F83: 0.5 | G83: 40 | H83: 40 | I83: 0.1 | J83: 8 | K83: N/A | L83: N/A | M83: N/A | N83: N/A | O83: N/A | P83: 21600 | Q83: =IF(COUNT('GA Runs'!M391:M395)=0,"",MIN('GA Runs'!M391:M395)) -> 42160.591 | R83: =IF($Q83="","",INDEX('GA Runs'!E391:E395,MATCH($Q83,'GA Runs'!M391:M395,0))) -> 2560.814 | S83: =IF($Q83="","",INDEX('GA Runs'!F391:F395,MATCH($Q83,'GA Runs'!M391:M395,0))) -> 1599.777 | T83: =IF($Q83="","",INDEX('GA Runs'!G391:G395,MATCH($Q83,'GA Runs'!M391:M395,0))) -> 38000 | U83: =IF($Q83="","",INDEX('GA Runs'!H391:H395,MATCH($Q83,'GA Runs'!M391:M395,0))) -> 38 | V83: =IF($Q83="","",INDEX('GA Runs'!I391:I395,MATCH($Q83,'GA Runs'!M391:M395,0))) -> 103.495 | W83: =IF(OR($K83="",$Q83="",NOT(ISNUMBER($K83))),"",100*($Q83-$K83)/$K83) | X83: =IF(COUNT('GA Runs'!M391:M395)=0,"",AVERAGE('GA Runs'!M391:M395)) -> 47109.436 | Y83: =IF(COUNT('GA Runs'!M391:M395)<2,"",_xlfn.STDEV.S('GA Runs'!M391:M395)) -> 2975.1611 | Z83: =COUNT('GA Runs'!M391:M395) -> 5 | AA83: =IF($Z83=0,"",AVERAGEIF('GA Runs'!M391:M395,">=0",'GA Runs'!I391:I395)) -> 101.0562 | AB83: 49189.2 | AC83: 2679.6 | AD83: 1509.5 | AE83: 45000 | AF83: 12 | AG83: 76.56 | AH83: =IF(OR($AC83="",$R83="",$AC83=0),"",100*($AC83-$R83)/$AC83) -> 4.4329751 | AI83: =IF($U83="","",100*($C83-$U83)/$C83) -> 52.5 | AJ83: =IF($AF83="","",100*($C83-$AF83)/$C83) -> 85 | AK83: =IF(OR($AI83="",$AJ83=""),"",$AI83-$AJ83) -> -32.5 | AL83: =IF($Q83="","",IF(ABS($Q83-SUM($R83:$T83))<0.05,"OK","CHECK")) -> OK
A84: 80-1-4 | B84: 73 | C84: 80 | D84: 12 | E84: 4 | F84: 0.75 | G84: 60 | H84: 20 | I84: 0.1 | J84: 8 | K84: N/A | L84: N/A | M84: N/A | N84: N/A | O84: N/A | P84: 21600 | Q84: =IF(COUNT('GA Runs'!M396:M400)=0,"",MIN('GA Runs'!M396:M400)) -> 45920.081 | R84: =IF($Q84="","",INDEX('GA Runs'!E396:E400,MATCH($Q84,'GA Runs'!M396:M400,0))) -> 3316.433 | S84: =IF($Q84="","",INDEX('GA Runs'!F396:F400,MATCH($Q84,'GA Runs'!M396:M400,0))) -> 1603.648 | T84: =IF($Q84="","",INDEX('GA Runs'!G396:G400,MATCH($Q84,'GA Runs'!M396:M400,0))) -> 41000 | U84: =IF($Q84="","",INDEX('GA Runs'!H396:H400,MATCH($Q84,'GA Runs'!M396:M400,0))) -> 41 | V84: =IF($Q84="","",INDEX('GA Runs'!I396:I400,MATCH($Q84,'GA Runs'!M396:M400,0))) -> 98.297 | W84: =IF(OR($K84="",$Q84="",NOT(ISNUMBER($K84))),"",100*($Q84-$K84)/$K84) | X84: =IF(COUNT('GA Runs'!M396:M400)=0,"",AVERAGE('GA Runs'!M396:M400)) -> 49120.502 | Y84: =IF(COUNT('GA Runs'!M396:M400)<2,"",_xlfn.STDEV.S('GA Runs'!M396:M400)) -> 2122.9558 | Z84: =COUNT('GA Runs'!M396:M400) -> 5 | AA84: =IF($Z84=0,"",AVERAGEIF('GA Runs'!M396:M400,">=0",'GA Runs'!I396:I400)) -> 97.5374 | AB84: 48350.9 | AC84: 3958.4 | AD84: 1392.5 | AE84: 43000 | AF84: 12 | AG84: 56.22 | AH84: =IF(OR($AC84="",$R84="",$AC84=0),"",100*($AC84-$R84)/$AC84) -> 16.217841 | AI84: =IF($U84="","",100*($C84-$U84)/$C84) -> 48.75 | AJ84: =IF($AF84="","",100*($C84-$AF84)/$C84) -> 85 | AK84: =IF(OR($AI84="",$AJ84=""),"",$AI84-$AJ84) -> -36.25 | AL84: =IF($Q84="","",IF(ABS($Q84-SUM($R84:$T84))<0.05,"OK","CHECK")) -> OK
A85: 80-1-5 | B85: 73 | C85: 80 | D85: 12 | E85: 4 | F85: 0.9 | G85: 72 | H85: 8 | I85: 0.1 | J85: 8 | K85: N/A | L85: N/A | M85: N/A | N85: N/A | O85: N/A | P85: 21600 | Q85: =IF(COUNT('GA Runs'!M401:M405)=0,"",MIN('GA Runs'!M401:M405)) -> 43830.983 | R85: =IF($Q85="","",INDEX('GA Runs'!E401:E405,MATCH($Q85,'GA Runs'!M401:M405,0))) -> 4363.94 | S85: =IF($Q85="","",INDEX('GA Runs'!F401:F405,MATCH($Q85,'GA Runs'!M401:M405,0))) -> 1467.042 | T85: =IF($Q85="","",INDEX('GA Runs'!G401:G405,MATCH($Q85,'GA Runs'!M401:M405,0))) -> 38000 | U85: =IF($Q85="","",INDEX('GA Runs'!H401:H405,MATCH($Q85,'GA Runs'!M401:M405,0))) -> 38 | V85: =IF($Q85="","",INDEX('GA Runs'!I401:I405,MATCH($Q85,'GA Runs'!M401:M405,0))) -> 99.058 | W85: =IF(OR($K85="",$Q85="",NOT(ISNUMBER($K85))),"",100*($Q85-$K85)/$K85) | X85: =IF(COUNT('GA Runs'!M401:M405)=0,"",AVERAGE('GA Runs'!M401:M405)) -> 47479.709 | Y85: =IF(COUNT('GA Runs'!M401:M405)<2,"",_xlfn.STDEV.S('GA Runs'!M401:M405)) -> 2442.732 | Z85: =COUNT('GA Runs'!M401:M405) -> 5 | AA85: =IF($Z85=0,"",AVERAGEIF('GA Runs'!M401:M405,">=0",'GA Runs'!I401:I405)) -> 98.924 | AB85: 48840.5 | AC85: 5459.7 | AD85: 1380.8 | AE85: 42000 | AF85: 12 | AG85: 54.18 | AH85: =IF(OR($AC85="",$R85="",$AC85=0),"",100*($AC85-$R85)/$AC85) -> 20.069967 | AI85: =IF($U85="","",100*($C85-$U85)/$C85) -> 52.5 | AJ85: =IF($AF85="","",100*($C85-$AF85)/$C85) -> 85 | AK85: =IF(OR($AI85="",$AJ85=""),"",$AI85-$AJ85) -> -32.5 | AL85: =IF($Q85="","",IF(ABS($Q85-SUM($R85:$T85))<0.05,"OK","CHECK")) -> OK
A86: 80-2-1 | B86: 13 | C86: 80 | D86: 12 | E86: 4 | F86: 0.1 | G86: 8 | H86: 72 | I86: 0.1 | J86: 8 | K86: N/A | L86: N/A | M86: N/A | N86: N/A | O86: N/A | P86: 21600 | Q86: =IF(COUNT('GA Runs'!M406:M410)=0,"",MIN('GA Runs'!M406:M410)) -> 38799.666 | R86: =IF($Q86="","",INDEX('GA Runs'!E406:E410,MATCH($Q86,'GA Runs'!M406:M410,0))) -> 190.634 | S86: =IF($Q86="","",INDEX('GA Runs'!F406:F410,MATCH($Q86,'GA Runs'!M406:M410,0))) -> 1609.032 | T86: =IF($Q86="","",INDEX('GA Runs'!G406:G410,MATCH($Q86,'GA Runs'!M406:M410,0))) -> 37000 | U86: =IF($Q86="","",INDEX('GA Runs'!H406:H410,MATCH($Q86,'GA Runs'!M406:M410,0))) -> 37 | V86: =IF($Q86="","",INDEX('GA Runs'!I406:I410,MATCH($Q86,'GA Runs'!M406:M410,0))) -> 86.94 | W86: =IF(OR($K86="",$Q86="",NOT(ISNUMBER($K86))),"",100*($Q86-$K86)/$K86) | X86: =IF(COUNT('GA Runs'!M406:M410)=0,"",AVERAGE('GA Runs'!M406:M410)) -> 41930.334 | Y86: =IF(COUNT('GA Runs'!M406:M410)<2,"",_xlfn.STDEV.S('GA Runs'!M406:M410)) -> 2527.3352 | Z86: =COUNT('GA Runs'!M406:M410) -> 5 | AA86: =IF($Z86=0,"",AVERAGEIF('GA Runs'!M406:M410,">=0",'GA Runs'!I406:I410)) -> 88.6678 | AB86: 34055.1 | AC86: 404.5 | AD86: 1650.6 | AE86: 32000 | AF86: 9 | AG86: 94.78 | AH86: =IF(OR($AC86="",$R86="",$AC86=0),"",100*($AC86-$R86)/$AC86) -> 52.871693 | AI86: =IF($U86="","",100*($C86-$U86)/$C86) -> 53.75 | AJ86: =IF($AF86="","",100*($C86-$AF86)/$C86) -> 88.75 | AK86: =IF(OR($AI86="",$AJ86=""),"",$AI86-$AJ86) -> -35 | AL86: =IF($Q86="","",IF(ABS($Q86-SUM($R86:$T86))<0.05,"OK","CHECK")) -> OK
A87: 80-2-2 | B87: 13 | C87: 80 | D87: 12 | E87: 4 | F87: 0.25 | G87: 20 | H87: 60 | I87: 0.1 | J87: 8 | K87: N/A | L87: N/A | M87: N/A | N87: N/A | O87: N/A | P87: 21600 | Q87: =IF(COUNT('GA Runs'!M411:M415)=0,"",MIN('GA Runs'!M411:M415)) -> 41420.322 | R87: =IF($Q87="","",INDEX('GA Runs'!E411:E415,MATCH($Q87,'GA Runs'!M411:M415,0))) -> 775.966 | S87: =IF($Q87="","",INDEX('GA Runs'!F411:F415,MATCH($Q87,'GA Runs'!M411:M415,0))) -> 1644.356 | T87: =IF($Q87="","",INDEX('GA Runs'!G411:G415,MATCH($Q87,'GA Runs'!M411:M415,0))) -> 39000 | U87: =IF($Q87="","",INDEX('GA Runs'!H411:H415,MATCH($Q87,'GA Runs'!M411:M415,0))) -> 39 | V87: =IF($Q87="","",INDEX('GA Runs'!I411:I415,MATCH($Q87,'GA Runs'!M411:M415,0))) -> 100.601 | W87: =IF(OR($K87="",$Q87="",NOT(ISNUMBER($K87))),"",100*($Q87-$K87)/$K87) | X87: =IF(COUNT('GA Runs'!M411:M415)=0,"",AVERAGE('GA Runs'!M411:M415)) -> 44771.973 | Y87: =IF(COUNT('GA Runs'!M411:M415)<2,"",_xlfn.STDEV.S('GA Runs'!M411:M415)) -> 2940.3667 | Z87: =COUNT('GA Runs'!M411:M415) -> 5 | AA87: =IF($Z87=0,"",AVERAGEIF('GA Runs'!M411:M415,">=0",'GA Runs'!I411:I415)) -> 96.5008 | AB87: 37942 | AC87: 1306.2 | AD87: 1635.8 | AE87: 35000 | AF87: 10 | AG87: 101.45 | AH87: =IF(OR($AC87="",$R87="",$AC87=0),"",100*($AC87-$R87)/$AC87) -> 40.59363 | AI87: =IF($U87="","",100*($C87-$U87)/$C87) -> 51.25 | AJ87: =IF($AF87="","",100*($C87-$AF87)/$C87) -> 87.5 | AK87: =IF(OR($AI87="",$AJ87=""),"",$AI87-$AJ87) -> -36.25 | AL87: =IF($Q87="","",IF(ABS($Q87-SUM($R87:$T87))<0.05,"OK","CHECK")) -> OK
A88: 80-2-3 | B88: 13 | C88: 80 | D88: 12 | E88: 4 | F88: 0.5 | G88: 40 | H88: 40 | I88: 0.1 | J88: 8 | K88: N/A | L88: N/A | M88: N/A | N88: N/A | O88: N/A | P88: 21600 | Q88: =IF(COUNT('GA Runs'!M416:M420)=0,"",MIN('GA Runs'!M416:M420)) -> 39746.938 | R88: =IF($Q88="","",INDEX('GA Runs'!E416:E420,MATCH($Q88,'GA Runs'!M416:M420,0))) -> 2997.759 | S88: =IF($Q88="","",INDEX('GA Runs'!F416:F420,MATCH($Q88,'GA Runs'!M416:M420,0))) -> 1749.178 | T88: =IF($Q88="","",INDEX('GA Runs'!G416:G420,MATCH($Q88,'GA Runs'!M416:M420,0))) -> 35000 | U88: =IF($Q88="","",INDEX('GA Runs'!H416:H420,MATCH($Q88,'GA Runs'!M416:M420,0))) -> 35 | V88: =IF($Q88="","",INDEX('GA Runs'!I416:I420,MATCH($Q88,'GA Runs'!M416:M420,0))) -> 97.666 | W88: =IF(OR($K88="",$Q88="",NOT(ISNUMBER($K88))),"",100*($Q88-$K88)/$K88) | X88: =IF(COUNT('GA Runs'!M416:M420)=0,"",AVERAGE('GA Runs'!M416:M420)) -> 41755.888 | Y88: =IF(COUNT('GA Runs'!M416:M420)<2,"",_xlfn.STDEV.S('GA Runs'!M416:M420)) -> 1766.6383 | Z88: =COUNT('GA Runs'!M416:M420) -> 5 | AA88: =IF($Z88=0,"",AVERAGEIF('GA Runs'!M416:M420,">=0",'GA Runs'!I416:I420)) -> 95.0098 | AB88: 41009.5 | AC88: 3203.3 | AD88: 1806.2 | AE88: 36000 | AF88: 10 | AG88: 92.34 | AH88: =IF(OR($AC88="",$R88="",$AC88=0),"",100*($AC88-$R88)/$AC88) -> 6.4165392 | AI88: =IF($U88="","",100*($C88-$U88)/$C88) -> 56.25 | AJ88: =IF($AF88="","",100*($C88-$AF88)/$C88) -> 87.5 | AK88: =IF(OR($AI88="",$AJ88=""),"",$AI88-$AJ88) -> -31.25 | AL88: =IF($Q88="","",IF(ABS($Q88-SUM($R88:$T88))<0.05,"OK","CHECK")) -> OK
A89: 80-2-4 | B89: 13 | C89: 80 | D89: 12 | E89: 4 | F89: 0.75 | G89: 60 | H89: 20 | I89: 0.1 | J89: 8 | K89: N/A | L89: N/A | M89: N/A | N89: N/A | O89: N/A | P89: 21600 | Q89: =IF(COUNT('GA Runs'!M421:M425)=0,"",MIN('GA Runs'!M421:M425)) -> 39065.424 | R89: =IF($Q89="","",INDEX('GA Runs'!E421:E425,MATCH($Q89,'GA Runs'!M421:M425,0))) -> 3266.712 | S89: =IF($Q89="","",INDEX('GA Runs'!F421:F425,MATCH($Q89,'GA Runs'!M421:M425,0))) -> 1798.712 | T89: =IF($Q89="","",INDEX('GA Runs'!G421:G425,MATCH($Q89,'GA Runs'!M421:M425,0))) -> 34000 | U89: =IF($Q89="","",INDEX('GA Runs'!H421:H425,MATCH($Q89,'GA Runs'!M421:M425,0))) -> 34 | V89: =IF($Q89="","",INDEX('GA Runs'!I421:I425,MATCH($Q89,'GA Runs'!M421:M425,0))) -> 96.024 | W89: =IF(OR($K89="",$Q89="",NOT(ISNUMBER($K89))),"",100*($Q89-$K89)/$K89) | X89: =IF(COUNT('GA Runs'!M421:M425)=0,"",AVERAGE('GA Runs'!M421:M425)) -> 41095.916 | Y89: =IF(COUNT('GA Runs'!M421:M425)<2,"",_xlfn.STDEV.S('GA Runs'!M421:M425)) -> 2176.6821 | Z89: =COUNT('GA Runs'!M421:M425) -> 5 | AA89: =IF($Z89=0,"",AVERAGEIF('GA Runs'!M421:M425,">=0",'GA Runs'!I421:I425)) -> 93.8862 | AB89: 43060.6 | AC89: 4471.5 | AD89: 1589.1 | AE89: 37000 | AF89: 10 | AG89: 70.27 | AH89: =IF(OR($AC89="",$R89="",$AC89=0),"",100*($AC89-$R89)/$AC89) -> 26.94371 | AI89: =IF($U89="","",100*($C89-$U89)/$C89) -> 57.5 | AJ89: =IF($AF89="","",100*($C89-$AF89)/$C89) -> 87.5 | AK89: =IF(OR($AI89="",$AJ89=""),"",$AI89-$AJ89) -> -30 | AL89: =IF($Q89="","",IF(ABS($Q89-SUM($R89:$T89))<0.05,"OK","CHECK")) -> OK
A90: 80-2-5 | B90: 13 | C90: 80 | D90: 12 | E90: 4 | F90: 0.9 | G90: 72 | H90: 8 | I90: 0.1 | J90: 8 | K90: N/A | L90: N/A | M90: N/A | N90: N/A | O90: N/A | P90: 21600 | Q90: =IF(COUNT('GA Runs'!M426:M430)=0,"",MIN('GA Runs'!M426:M430)) -> 39680.551 | R90: =IF($Q90="","",INDEX('GA Runs'!E426:E430,MATCH($Q90,'GA Runs'!M426:M430,0))) -> 3848.461 | S90: =IF($Q90="","",INDEX('GA Runs'!F426:F430,MATCH($Q90,'GA Runs'!M426:M430,0))) -> 1832.09 | T90: =IF($Q90="","",INDEX('GA Runs'!G426:G430,MATCH($Q90,'GA Runs'!M426:M430,0))) -> 34000 | U90: =IF($Q90="","",INDEX('GA Runs'!H426:H430,MATCH($Q90,'GA Runs'!M426:M430,0))) -> 34 | V90: =IF($Q90="","",INDEX('GA Runs'!I426:I430,MATCH($Q90,'GA Runs'!M426:M430,0))) -> 91.523 | W90: =IF(OR($K90="",$Q90="",NOT(ISNUMBER($K90))),"",100*($Q90-$K90)/$K90) | X90: =IF(COUNT('GA Runs'!M426:M430)=0,"",AVERAGE('GA Runs'!M426:M430)) -> 42008.607 | Y90: =IF(COUNT('GA Runs'!M426:M430)<2,"",_xlfn.STDEV.S('GA Runs'!M426:M430)) -> 1807.1538 | Z90: =COUNT('GA Runs'!M426:M430) -> 5 | AA90: =IF($Z90=0,"",AVERAGEIF('GA Runs'!M426:M430,">=0",'GA Runs'!I426:I430)) -> 93.403 | AB90: 45651.5 | AC90: 5223.5 | AD90: 1428 | AE90: 39000 | AF90: 11 | AG90: 50.89 | AH90: =IF(OR($AC90="",$R90="",$AC90=0),"",100*($AC90-$R90)/$AC90) -> 26.324093 | AI90: =IF($U90="","",100*($C90-$U90)/$C90) -> 57.5 | AJ90: =IF($AF90="","",100*($C90-$AF90)/$C90) -> 86.25 | AK90: =IF(OR($AI90="",$AJ90=""),"",$AI90-$AJ90) -> -28.75 | AL90: =IF($Q90="","",IF(ABS($Q90-SUM($R90:$T90))<0.05,"OK","CHECK")) -> OK
A91: 80-3-1 | B91: 27 | C91: 80 | D91: 12 | E91: 4 | F91: 0.1 | G91: 8 | H91: 72 | I91: 0.1 | J91: 8 | K91: N/A | L91: N/A | M91: N/A | N91: N/A | O91: N/A | P91: 21600 | Q91: =IF(COUNT('GA Runs'!M431:M435)=0,"",MIN('GA Runs'!M431:M435)) -> 32968.742 | R91: =IF($Q91="","",INDEX('GA Runs'!E431:E435,MATCH($Q91,'GA Runs'!M431:M435,0))) -> 269.693 | S91: =IF($Q91="","",INDEX('GA Runs'!F431:F435,MATCH($Q91,'GA Runs'!M431:M435,0))) -> 1699.049 | T91: =IF($Q91="","",INDEX('GA Runs'!G431:G435,MATCH($Q91,'GA Runs'!M431:M435,0))) -> 31000 | U91: =IF($Q91="","",INDEX('GA Runs'!H431:H435,MATCH($Q91,'GA Runs'!M431:M435,0))) -> 31 | V91: =IF($Q91="","",INDEX('GA Runs'!I431:I435,MATCH($Q91,'GA Runs'!M431:M435,0))) -> 99.131 | W91: =IF(OR($K91="",$Q91="",NOT(ISNUMBER($K91))),"",100*($Q91-$K91)/$K91) | X91: =IF(COUNT('GA Runs'!M431:M435)=0,"",AVERAGE('GA Runs'!M431:M435)) -> 37215.863 | Y91: =IF(COUNT('GA Runs'!M431:M435)<2,"",_xlfn.STDEV.S('GA Runs'!M431:M435)) -> 3493.4801 | Z91: =COUNT('GA Runs'!M431:M435) -> 5 | AA91: =IF($Z91=0,"",AVERAGEIF('GA Runs'!M431:M435,">=0",'GA Runs'!I431:I435)) -> 105.183 | AB91: 35083.3 | AC91: 478.8 | AD91: 1604.5 | AE91: 33000 | AF91: 10 | AG91: 88.45 | AH91: =IF(OR($AC91="",$R91="",$AC91=0),"",100*($AC91-$R91)/$AC91) -> 43.673141 | AI91: =IF($U91="","",100*($C91-$U91)/$C91) -> 61.25 | AJ91: =IF($AF91="","",100*($C91-$AF91)/$C91) -> 87.5 | AK91: =IF(OR($AI91="",$AJ91=""),"",$AI91-$AJ91) -> -26.25 | AL91: =IF($Q91="","",IF(ABS($Q91-SUM($R91:$T91))<0.05,"OK","CHECK")) -> OK
A92: 80-3-2 | B92: 27 | C92: 80 | D92: 12 | E92: 4 | F92: 0.25 | G92: 20 | H92: 60 | I92: 0.1 | J92: 8 | K92: N/A | L92: N/A | M92: N/A | N92: N/A | O92: N/A | P92: 21600 | Q92: =IF(COUNT('GA Runs'!M436:M440)=0,"",MIN('GA Runs'!M436:M440)) -> 32946.852 | R92: =IF($Q92="","",INDEX('GA Runs'!E436:E440,MATCH($Q92,'GA Runs'!M436:M440,0))) -> 1293.105 | S92: =IF($Q92="","",INDEX('GA Runs'!F436:F440,MATCH($Q92,'GA Runs'!M436:M440,0))) -> 1653.747 | T92: =IF($Q92="","",INDEX('GA Runs'!G436:G440,MATCH($Q92,'GA Runs'!M436:M440,0))) -> 30000 | U92: =IF($Q92="","",INDEX('GA Runs'!H436:H440,MATCH($Q92,'GA Runs'!M436:M440,0))) -> 30 | V92: =IF($Q92="","",INDEX('GA Runs'!I436:I440,MATCH($Q92,'GA Runs'!M436:M440,0))) -> 105.48 | W92: =IF(OR($K92="",$Q92="",NOT(ISNUMBER($K92))),"",100*($Q92-$K92)/$K92) | X92: =IF(COUNT('GA Runs'!M436:M440)=0,"",AVERAGE('GA Runs'!M436:M440)) -> 39220.201 | Y92: =IF(COUNT('GA Runs'!M436:M440)<2,"",_xlfn.STDEV.S('GA Runs'!M436:M440)) -> 4410.1009 | Z92: =COUNT('GA Runs'!M436:M440) -> 5 | AA92: =IF($Z92=0,"",AVERAGEIF('GA Runs'!M436:M440,">=0",'GA Runs'!I436:I440)) -> 104.3076 | AB92: 33415.5 | AC92: 1775.9 | AD92: 1639.6 | AE92: 30000 | AF92: 9 | AG92: 123.69 | AH92: =IF(OR($AC92="",$R92="",$AC92=0),"",100*($AC92-$R92)/$AC92) -> 27.185934 | AI92: =IF($U92="","",100*($C92-$U92)/$C92) -> 62.5 | AJ92: =IF($AF92="","",100*($C92-$AF92)/$C92) -> 88.75 | AK92: =IF(OR($AI92="",$AJ92=""),"",$AI92-$AJ92) -> -26.25 | AL92: =IF($Q92="","",IF(ABS($Q92-SUM($R92:$T92))<0.05,"OK","CHECK")) -> OK
A93: 80-3-3 | B93: 27 | C93: 80 | D93: 12 | E93: 4 | F93: 0.5 | G93: 40 | H93: 40 | I93: 0.1 | J93: 8 | K93: N/A | L93: N/A | M93: N/A | N93: N/A | O93: N/A | P93: 21600 | Q93: =IF(COUNT('GA Runs'!M441:M445)=0,"",MIN('GA Runs'!M441:M445)) -> 35607.175 | R93: =IF($Q93="","",INDEX('GA Runs'!E441:E445,MATCH($Q93,'GA Runs'!M441:M445,0))) -> 2943.722 | S93: =IF($Q93="","",INDEX('GA Runs'!F441:F445,MATCH($Q93,'GA Runs'!M441:M445,0))) -> 1663.454 | T93: =IF($Q93="","",INDEX('GA Runs'!G441:G445,MATCH($Q93,'GA Runs'!M441:M445,0))) -> 31000 | U93: =IF($Q93="","",INDEX('GA Runs'!H441:H445,MATCH($Q93,'GA Runs'!M441:M445,0))) -> 31 | V93: =IF($Q93="","",INDEX('GA Runs'!I441:I445,MATCH($Q93,'GA Runs'!M441:M445,0))) -> 108.583 | W93: =IF(OR($K93="",$Q93="",NOT(ISNUMBER($K93))),"",100*($Q93-$K93)/$K93) | X93: =IF(COUNT('GA Runs'!M441:M445)=0,"",AVERAGE('GA Runs'!M441:M445)) -> 38122.467 | Y93: =IF(COUNT('GA Runs'!M441:M445)<2,"",_xlfn.STDEV.S('GA Runs'!M441:M445)) -> 1733.4152 | Z93: =COUNT('GA Runs'!M441:M445) -> 5 | AA93: =IF($Z93=0,"",AVERAGEIF('GA Runs'!M441:M445,">=0",'GA Runs'!I441:I445)) -> 101.5938 | AB93: 38338.9 | AC93: 2830.7 | AD93: 1508.2 | AE93: 34000 | AF93: 9 | AG93: 91.72 | AH93: =IF(OR($AC93="",$R93="",$AC93=0),"",100*($AC93-$R93)/$AC93) -> -3.9927226 | AI93: =IF($U93="","",100*($C93-$U93)/$C93) -> 61.25 | AJ93: =IF($AF93="","",100*($C93-$AF93)/$C93) -> 88.75 | AK93: =IF(OR($AI93="",$AJ93=""),"",$AI93-$AJ93) -> -27.5 | AL93: =IF($Q93="","",IF(ABS($Q93-SUM($R93:$T93))<0.05,"OK","CHECK")) -> OK
A94: 80-3-4 | B94: 27 | C94: 80 | D94: 12 | E94: 4 | F94: 0.75 | G94: 60 | H94: 20 | I94: 0.1 | J94: 8 | K94: N/A | L94: N/A | M94: N/A | N94: N/A | O94: N/A | P94: 21600 | Q94: =IF(COUNT('GA Runs'!M446:M450)=0,"",MIN('GA Runs'!M446:M450)) -> 36218.12 | R94: =IF($Q94="","",INDEX('GA Runs'!E446:E450,MATCH($Q94,'GA Runs'!M446:M450,0))) -> 3584.641 | S94: =IF($Q94="","",INDEX('GA Runs'!F446:F450,MATCH($Q94,'GA Runs'!M446:M450,0))) -> 1633.479 | T94: =IF($Q94="","",INDEX('GA Runs'!G446:G450,MATCH($Q94,'GA Runs'!M446:M450,0))) -> 31000 | U94: =IF($Q94="","",INDEX('GA Runs'!H446:H450,MATCH($Q94,'GA Runs'!M446:M450,0))) -> 31 | V94: =IF($Q94="","",INDEX('GA Runs'!I446:I450,MATCH($Q94,'GA Runs'!M446:M450,0))) -> 98.15 | W94: =IF(OR($K94="",$Q94="",NOT(ISNUMBER($K94))),"",100*($Q94-$K94)/$K94) | X94: =IF(COUNT('GA Runs'!M446:M450)=0,"",AVERAGE('GA Runs'!M446:M450)) -> 38952.655 | Y94: =IF(COUNT('GA Runs'!M446:M450)<2,"",_xlfn.STDEV.S('GA Runs'!M446:M450)) -> 3100.7691 | Z94: =COUNT('GA Runs'!M446:M450) -> 5 | AA94: =IF($Z94=0,"",AVERAGEIF('GA Runs'!M446:M450,">=0",'GA Runs'!I446:I450)) -> 94.9884 | AB94: 50722.7 | AC94: 4264.5 | AD94: 1458.2 | AE94: 45000 | AF94: 13 | AG94: 65.34 | AH94: =IF(OR($AC94="",$R94="",$AC94=0),"",100*($AC94-$R94)/$AC94) -> 15.942291 | AI94: =IF($U94="","",100*($C94-$U94)/$C94) -> 61.25 | AJ94: =IF($AF94="","",100*($C94-$AF94)/$C94) -> 83.75 | AK94: =IF(OR($AI94="",$AJ94=""),"",$AI94-$AJ94) -> -22.5 | AL94: =IF($Q94="","",IF(ABS($Q94-SUM($R94:$T94))<0.05,"OK","CHECK")) -> OK
A95: 80-3-5 | B95: 27 | C95: 80 | D95: 12 | E95: 4 | F95: 0.9 | G95: 72 | H95: 8 | I95: 0.1 | J95: 8 | K95: N/A | L95: N/A | M95: N/A | N95: N/A | O95: N/A | P95: 21600 | Q95: =IF(COUNT('GA Runs'!M451:M455)=0,"",MIN('GA Runs'!M451:M455)) -> 35116.709 | R95: =IF($Q95="","",INDEX('GA Runs'!E451:E455,MATCH($Q95,'GA Runs'!M451:M455,0))) -> 4443.605 | S95: =IF($Q95="","",INDEX('GA Runs'!F451:F455,MATCH($Q95,'GA Runs'!M451:M455,0))) -> 1673.105 | T95: =IF($Q95="","",INDEX('GA Runs'!G451:G455,MATCH($Q95,'GA Runs'!M451:M455,0))) -> 29000 | U95: =IF($Q95="","",INDEX('GA Runs'!H451:H455,MATCH($Q95,'GA Runs'!M451:M455,0))) -> 29 | V95: =IF($Q95="","",INDEX('GA Runs'!I451:I455,MATCH($Q95,'GA Runs'!M451:M455,0))) -> 93.976 | W95: =IF(OR($K95="",$Q95="",NOT(ISNUMBER($K95))),"",100*($Q95-$K95)/$K95) | X95: =IF(COUNT('GA Runs'!M451:M455)=0,"",AVERAGE('GA Runs'!M451:M455)) -> 36461.096 | Y95: =IF(COUNT('GA Runs'!M451:M455)<2,"",_xlfn.STDEV.S('GA Runs'!M451:M455)) -> 950.74946 | Z95: =COUNT('GA Runs'!M451:M455) -> 5 | AA95: =IF($Z95=0,"",AVERAGEIF('GA Runs'!M451:M455,">=0",'GA Runs'!I451:I455)) -> 91.6824 | AB95: 42271.4 | AC95: 5845.7 | AD95: 1425.7 | AE95: 35000 | AF95: 9 | AG95: 51.56 | AH95: =IF(OR($AC95="",$R95="",$AC95=0),"",100*($AC95-$R95)/$AC95) -> 23.985066 | AI95: =IF($U95="","",100*($C95-$U95)/$C95) -> 63.75 | AJ95: =IF($AF95="","",100*($C95-$AF95)/$C95) -> 88.75 | AK95: =IF(OR($AI95="",$AJ95=""),"",$AI95-$AJ95) -> -25 | AL95: =IF($Q95="","",IF(ABS($Q95-SUM($R95:$T95))<0.05,"OK","CHECK")) -> OK
A96: 80-4-1 | B96: 64 | C96: 80 | D96: 12 | E96: 4 | F96: 0.1 | G96: 8 | H96: 72 | I96: 0.1 | J96: 8 | K96: N/A | L96: N/A | M96: N/A | N96: N/A | O96: N/A | P96: 21600 | Q96: =IF(COUNT('GA Runs'!M456:M460)=0,"",MIN('GA Runs'!M456:M460)) -> 24722.965 | R96: =IF($Q96="","",INDEX('GA Runs'!E456:E460,MATCH($Q96,'GA Runs'!M456:M460,0))) -> 732.364 | S96: =IF($Q96="","",INDEX('GA Runs'!F456:F460,MATCH($Q96,'GA Runs'!M456:M460,0))) -> 1990.602 | T96: =IF($Q96="","",INDEX('GA Runs'!G456:G460,MATCH($Q96,'GA Runs'!M456:M460,0))) -> 22000 | U96: =IF($Q96="","",INDEX('GA Runs'!H456:H460,MATCH($Q96,'GA Runs'!M456:M460,0))) -> 22 | V96: =IF($Q96="","",INDEX('GA Runs'!I456:I460,MATCH($Q96,'GA Runs'!M456:M460,0))) -> 108.278 | W96: =IF(OR($K96="",$Q96="",NOT(ISNUMBER($K96))),"",100*($Q96-$K96)/$K96) | X96: =IF(COUNT('GA Runs'!M456:M460)=0,"",AVERAGE('GA Runs'!M456:M460)) -> 26351.879 | Y96: =IF(COUNT('GA Runs'!M456:M460)<2,"",_xlfn.STDEV.S('GA Runs'!M456:M460)) -> 1462.0741 | Z96: =COUNT('GA Runs'!M456:M460) -> 5 | AA96: =IF($Z96=0,"",AVERAGEIF('GA Runs'!M456:M460,">=0",'GA Runs'!I456:I460)) -> 107.0664 | AB96: 21600 | AC96: 808.9 | AD96: 1791.1 | AE96: 19000 | AF96: 5 | AG96: 132.66 | AH96: =IF(OR($AC96="",$R96="",$AC96=0),"",100*($AC96-$R96)/$AC96) -> 9.4617382 | AI96: =IF($U96="","",100*($C96-$U96)/$C96) -> 72.5 | AJ96: =IF($AF96="","",100*($C96-$AF96)/$C96) -> 93.75 | AK96: =IF(OR($AI96="",$AJ96=""),"",$AI96-$AJ96) -> -21.25 | AL96: =IF($Q96="","",IF(ABS($Q96-SUM($R96:$T96))<0.05,"OK","CHECK")) -> OK
A97: 80-4-2 | B97: 64 | C97: 80 | D97: 12 | E97: 4 | F97: 0.25 | G97: 20 | H97: 60 | I97: 0.1 | J97: 8 | K97: N/A | L97: N/A | M97: N/A | N97: N/A | O97: N/A | P97: 21600 | Q97: =IF(COUNT('GA Runs'!M461:M465)=0,"",MIN('GA Runs'!M461:M465)) -> 22849.494 | R97: =IF($Q97="","",INDEX('GA Runs'!E461:E465,MATCH($Q97,'GA Runs'!M461:M465,0))) -> 1834.309 | S97: =IF($Q97="","",INDEX('GA Runs'!F461:F465,MATCH($Q97,'GA Runs'!M461:M465,0))) -> 2015.186 | T97: =IF($Q97="","",INDEX('GA Runs'!G461:G465,MATCH($Q97,'GA Runs'!M461:M465,0))) -> 19000 | U97: =IF($Q97="","",INDEX('GA Runs'!H461:H465,MATCH($Q97,'GA Runs'!M461:M465,0))) -> 19 | V97: =IF($Q97="","",INDEX('GA Runs'!I461:I465,MATCH($Q97,'GA Runs'!M461:M465,0))) -> 105.684 | W97: =IF(OR($K97="",$Q97="",NOT(ISNUMBER($K97))),"",100*($Q97-$K97)/$K97) | X97: =IF(COUNT('GA Runs'!M461:M465)=0,"",AVERAGE('GA Runs'!M461:M465)) -> 25223.615 | Y97: =IF(COUNT('GA Runs'!M461:M465)<2,"",_xlfn.STDEV.S('GA Runs'!M461:M465)) -> 1500.2455 | Z97: =COUNT('GA Runs'!M461:M465) -> 5 | AA97: =IF($Z97=0,"",AVERAGEIF('GA Runs'!M461:M465,">=0",'GA Runs'!I461:I465)) -> 104.2004 | AB97: 23071.3 | AC97: 2204.7 | AD97: 1866.6 | AE97: 19000 | AF97: 5 | AG97: 113.79 | AH97: =IF(OR($AC97="",$R97="",$AC97=0),"",100*($AC97-$R97)/$AC97) -> 16.800064 | AI97: =IF($U97="","",100*($C97-$U97)/$C97) -> 76.25 | AJ97: =IF($AF97="","",100*($C97-$AF97)/$C97) -> 93.75 | AK97: =IF(OR($AI97="",$AJ97=""),"",$AI97-$AJ97) -> -17.5 | AL97: =IF($Q97="","",IF(ABS($Q97-SUM($R97:$T97))<0.05,"OK","CHECK")) -> OK
A98: 80-4-3 | B98: 64 | C98: 80 | D98: 12 | E98: 4 | F98: 0.5 | G98: 40 | H98: 40 | I98: 0.1 | J98: 8 | K98: N/A | L98: N/A | M98: N/A | N98: N/A | O98: N/A | P98: 21600 | Q98: =IF(COUNT('GA Runs'!M466:M470)=0,"",MIN('GA Runs'!M466:M470)) -> 22631.595 | R98: =IF($Q98="","",INDEX('GA Runs'!E466:E470,MATCH($Q98,'GA Runs'!M466:M470,0))) -> 2748.319 | S98: =IF($Q98="","",INDEX('GA Runs'!F466:F470,MATCH($Q98,'GA Runs'!M466:M470,0))) -> 1883.276 | T98: =IF($Q98="","",INDEX('GA Runs'!G466:G470,MATCH($Q98,'GA Runs'!M466:M470,0))) -> 18000 | U98: =IF($Q98="","",INDEX('GA Runs'!H466:H470,MATCH($Q98,'GA Runs'!M466:M470,0))) -> 18 | V98: =IF($Q98="","",INDEX('GA Runs'!I466:I470,MATCH($Q98,'GA Runs'!M466:M470,0))) -> 103.59 | W98: =IF(OR($K98="",$Q98="",NOT(ISNUMBER($K98))),"",100*($Q98-$K98)/$K98) | X98: =IF(COUNT('GA Runs'!M466:M470)=0,"",AVERAGE('GA Runs'!M466:M470)) -> 26304.236 | Y98: =IF(COUNT('GA Runs'!M466:M470)<2,"",_xlfn.STDEV.S('GA Runs'!M466:M470)) -> 3478.9811 | Z98: =COUNT('GA Runs'!M466:M470) -> 5 | AA98: =IF($Z98=0,"",AVERAGEIF('GA Runs'!M466:M470,">=0",'GA Runs'!I466:I470)) -> 102.6476 | AB98: 31585.8 | AC98: 3744.7 | AD98: 1841.1 | AE98: 26000 | AF98: 7 | AG98: 91.35 | AH98: =IF(OR($AC98="",$R98="",$AC98=0),"",100*($AC98-$R98)/$AC98) -> 26.607766 | AI98: =IF($U98="","",100*($C98-$U98)/$C98) -> 77.5 | AJ98: =IF($AF98="","",100*($C98-$AF98)/$C98) -> 91.25 | AK98: =IF(OR($AI98="",$AJ98=""),"",$AI98-$AJ98) -> -13.75 | AL98: =IF($Q98="","",IF(ABS($Q98-SUM($R98:$T98))<0.05,"OK","CHECK")) -> OK
A99: 80-4-4 | B99: 64 | C99: 80 | D99: 12 | E99: 4 | F99: 0.75 | G99: 60 | H99: 20 | I99: 0.1 | J99: 8 | K99: N/A | L99: N/A | M99: N/A | N99: N/A | O99: N/A | P99: 21600 | Q99: =IF(COUNT('GA Runs'!M471:M475)=0,"",MIN('GA Runs'!M471:M475)) -> 23645.463 | R99: =IF($Q99="","",INDEX('GA Runs'!E471:E475,MATCH($Q99,'GA Runs'!M471:M475,0))) -> 5868.173 | S99: =IF($Q99="","",INDEX('GA Runs'!F471:F475,MATCH($Q99,'GA Runs'!M471:M475,0))) -> 1777.29 | T99: =IF($Q99="","",INDEX('GA Runs'!G471:G475,MATCH($Q99,'GA Runs'!M471:M475,0))) -> 16000 | U99: =IF($Q99="","",INDEX('GA Runs'!H471:H475,MATCH($Q99,'GA Runs'!M471:M475,0))) -> 16 | V99: =IF($Q99="","",INDEX('GA Runs'!I471:I475,MATCH($Q99,'GA Runs'!M471:M475,0))) -> 101.031 | W99: =IF(OR($K99="",$Q99="",NOT(ISNUMBER($K99))),"",100*($Q99-$K99)/$K99) | X99: =IF(COUNT('GA Runs'!M471:M475)=0,"",AVERAGE('GA Runs'!M471:M475)) -> 26666.558 | Y99: =IF(COUNT('GA Runs'!M471:M475)<2,"",_xlfn.STDEV.S('GA Runs'!M471:M475)) -> 3775.01 | Z99: =COUNT('GA Runs'!M471:M475) -> 5 | AA99: =IF($Z99=0,"",AVERAGEIF('GA Runs'!M471:M475,">=0",'GA Runs'!I471:I475)) -> 99.272 | AB99: 29691.5 | AC99: 5104.6 | AD99: 1586.9 | AE99: 23000 | AF99: 6 | AG99: 64.44 | AH99: =IF(OR($AC99="",$R99="",$AC99=0),"",100*($AC99-$R99)/$AC99) -> -14.958528 | AI99: =IF($U99="","",100*($C99-$U99)/$C99) -> 80 | AJ99: =IF($AF99="","",100*($C99-$AF99)/$C99) -> 92.5 | AK99: =IF(OR($AI99="",$AJ99=""),"",$AI99-$AJ99) -> -12.5 | AL99: =IF($Q99="","",IF(ABS($Q99-SUM($R99:$T99))<0.05,"OK","CHECK")) -> OK
A100: 80-4-5 | B100: 64 | C100: 80 | D100: 12 | E100: 4 | F100: 0.9 | G100: 72 | H100: 8 | I100: 0.1 | J100: 8 | K100: N/A | L100: N/A | M100: N/A | N100: N/A | O100: N/A | P100: 21600 | Q100: =IF(COUNT('GA Runs'!M476:M480)=0,"",MIN('GA Runs'!M476:M480)) -> 22669.069 | R100: =IF($Q100="","",INDEX('GA Runs'!E476:E480,MATCH($Q100,'GA Runs'!M476:M480,0))) -> 4860.553 | S100: =IF($Q100="","",INDEX('GA Runs'!F476:F480,MATCH($Q100,'GA Runs'!M476:M480,0))) -> 1808.517 | T100: =IF($Q100="","",INDEX('GA Runs'!G476:G480,MATCH($Q100,'GA Runs'!M476:M480,0))) -> 16000 | U100: =IF($Q100="","",INDEX('GA Runs'!H476:H480,MATCH($Q100,'GA Runs'!M476:M480,0))) -> 16 | V100: =IF($Q100="","",INDEX('GA Runs'!I476:I480,MATCH($Q100,'GA Runs'!M476:M480,0))) -> 88.479 | W100: =IF(OR($K100="",$Q100="",NOT(ISNUMBER($K100))),"",100*($Q100-$K100)/$K100) | X100: =IF(COUNT('GA Runs'!M476:M480)=0,"",AVERAGE('GA Runs'!M476:M480)) -> 26340.159 | Y100: =IF(COUNT('GA Runs'!M476:M480)<2,"",_xlfn.STDEV.S('GA Runs'!M476:M480)) -> 2691.8564 | Z100: =COUNT('GA Runs'!M476:M480) -> 5 | AA100: =IF($Z100=0,"",AVERAGEIF('GA Runs'!M476:M480,">=0",'GA Runs'!I476:I480)) -> 89.1752 | AB100: 31919.2 | AC100: 6304.3 | AD100: 1614.9 | AE100: 24000 | AF100: 6 | AG100: 55.69 | AH100: =IF(OR($AC100="",$R100="",$AC100=0),"",100*($AC100-$R100)/$AC100) -> 22.900988 | AI100: =IF($U100="","",100*($C100-$U100)/$C100) -> 80 | AJ100: =IF($AF100="","",100*($C100-$AF100)/$C100) -> 92.5 | AK100: =IF(OR($AI100="",$AJ100=""),"",$AI100-$AJ100) -> -12.5 | AL100: =IF($Q100="","",IF(ABS($Q100-SUM($R100:$T100))<0.05,"OK","CHECK")) -> OK
A101: 80-5-1 | B101: 42 | C101: 80 | D101: 12 | E101: 4 | F101: 0.1 | G101: 8 | H101: 72 | I101: 0.1 | J101: 8 | K101: N/A | L101: N/A | M101: N/A | N101: N/A | O101: N/A | P101: 21600 | Q101: =IF(COUNT('GA Runs'!M481:M485)=0,"",MIN('GA Runs'!M481:M485)) -> 21658.296 | R101: =IF($Q101="","",INDEX('GA Runs'!E481:E485,MATCH($Q101,'GA Runs'!M481:M485,0))) -> 867.41 | S101: =IF($Q101="","",INDEX('GA Runs'!F481:F485,MATCH($Q101,'GA Runs'!M481:M485,0))) -> 1790.886 | T101: =IF($Q101="","",INDEX('GA Runs'!G481:G485,MATCH($Q101,'GA Runs'!M481:M485,0))) -> 19000 | U101: =IF($Q101="","",INDEX('GA Runs'!H481:H485,MATCH($Q101,'GA Runs'!M481:M485,0))) -> 19 | V101: =IF($Q101="","",INDEX('GA Runs'!I481:I485,MATCH($Q101,'GA Runs'!M481:M485,0))) -> 107.107 | W101: =IF(OR($K101="",$Q101="",NOT(ISNUMBER($K101))),"",100*($Q101-$K101)/$K101) | X101: =IF(COUNT('GA Runs'!M481:M485)=0,"",AVERAGE('GA Runs'!M481:M485)) -> 25971.575 | Y101: =IF(COUNT('GA Runs'!M481:M485)<2,"",_xlfn.STDEV.S('GA Runs'!M481:M485)) -> 2732.3826 | Z101: =COUNT('GA Runs'!M481:M485) -> 5 | AA101: =IF($Z101=0,"",AVERAGEIF('GA Runs'!M481:M485,">=0",'GA Runs'!I481:I485)) -> 104.465 | AB101: 20183.9 | AC101: 1451.3 | AD101: 1732.6 | AE101: 17000 | AF101: 5 | AG101: 104.85 | AH101: =IF(OR($AC101="",$R101="",$AC101=0),"",100*($AC101-$R101)/$AC101) -> 40.232206 | AI101: =IF($U101="","",100*($C101-$U101)/$C101) -> 76.25 | AJ101: =IF($AF101="","",100*($C101-$AF101)/$C101) -> 93.75 | AK101: =IF(OR($AI101="",$AJ101=""),"",$AI101-$AJ101) -> -17.5 | AL101: =IF($Q101="","",IF(ABS($Q101-SUM($R101:$T101))<0.05,"OK","CHECK")) -> OK
A102: 80-5-2 | B102: 42 | C102: 80 | D102: 12 | E102: 4 | F102: 0.25 | G102: 20 | H102: 60 | I102: 0.1 | J102: 8 | K102: N/A | L102: N/A | M102: N/A | N102: N/A | O102: N/A | P102: 21600 | Q102: =IF(COUNT('GA Runs'!M486:M490)=0,"",MIN('GA Runs'!M486:M490)) -> 20822.262 | R102: =IF($Q102="","",INDEX('GA Runs'!E486:E490,MATCH($Q102,'GA Runs'!M486:M490,0))) -> 2044.833 | S102: =IF($Q102="","",INDEX('GA Runs'!F486:F490,MATCH($Q102,'GA Runs'!M486:M490,0))) -> 1777.429 | T102: =IF($Q102="","",INDEX('GA Runs'!G486:G490,MATCH($Q102,'GA Runs'!M486:M490,0))) -> 17000 | U102: =IF($Q102="","",INDEX('GA Runs'!H486:H490,MATCH($Q102,'GA Runs'!M486:M490,0))) -> 17 | V102: =IF($Q102="","",INDEX('GA Runs'!I486:I490,MATCH($Q102,'GA Runs'!M486:M490,0))) -> 103.439 | W102: =IF(OR($K102="",$Q102="",NOT(ISNUMBER($K102))),"",100*($Q102-$K102)/$K102) | X102: =IF(COUNT('GA Runs'!M486:M490)=0,"",AVERAGE('GA Runs'!M486:M490)) -> 25194.475 | Y102: =IF(COUNT('GA Runs'!M486:M490)<2,"",_xlfn.STDEV.S('GA Runs'!M486:M490)) -> 4610.2565 | Z102: =COUNT('GA Runs'!M486:M490) -> 5 | AA102: =IF($Z102=0,"",AVERAGEIF('GA Runs'!M486:M490,">=0",'GA Runs'!I486:I490)) -> 101.952 | AB102: 25668.3 | AC102: 1802.4 | AD102: 1865.9 | AE102: 22000 | AF102: 7 | AG102: 109.44 | AH102: =IF(OR($AC102="",$R102="",$AC102=0),"",100*($AC102-$R102)/$AC102) -> -13.450566 | AI102: =IF($U102="","",100*($C102-$U102)/$C102) -> 78.75 | AJ102: =IF($AF102="","",100*($C102-$AF102)/$C102) -> 91.25 | AK102: =IF(OR($AI102="",$AJ102=""),"",$AI102-$AJ102) -> -12.5 | AL102: =IF($Q102="","",IF(ABS($Q102-SUM($R102:$T102))<0.05,"OK","CHECK")) -> OK
A103: 80-5-3 | B103: 42 | C103: 80 | D103: 12 | E103: 4 | F103: 0.5 | G103: 40 | H103: 40 | I103: 0.1 | J103: 8 | K103: N/A | L103: N/A | M103: N/A | N103: N/A | O103: N/A | P103: 21600 | Q103: =IF(COUNT('GA Runs'!M491:M495)=0,"",MIN('GA Runs'!M491:M495)) -> 18673.335 | R103: =IF($Q103="","",INDEX('GA Runs'!E491:E495,MATCH($Q103,'GA Runs'!M491:M495,0))) -> 3877.29 | S103: =IF($Q103="","",INDEX('GA Runs'!F491:F495,MATCH($Q103,'GA Runs'!M491:M495,0))) -> 1796.045 | T103: =IF($Q103="","",INDEX('GA Runs'!G491:G495,MATCH($Q103,'GA Runs'!M491:M495,0))) -> 13000 | U103: =IF($Q103="","",INDEX('GA Runs'!H491:H495,MATCH($Q103,'GA Runs'!M491:M495,0))) -> 13 | V103: =IF($Q103="","",INDEX('GA Runs'!I491:I495,MATCH($Q103,'GA Runs'!M491:M495,0))) -> 107.318 | W103: =IF(OR($K103="",$Q103="",NOT(ISNUMBER($K103))),"",100*($Q103-$K103)/$K103) | X103: =IF(COUNT('GA Runs'!M491:M495)=0,"",AVERAGE('GA Runs'!M491:M495)) -> 24502.817 | Y103: =IF(COUNT('GA Runs'!M491:M495)<2,"",_xlfn.STDEV.S('GA Runs'!M491:M495)) -> 4266.9951 | Z103: =COUNT('GA Runs'!M491:M495) -> 5 | AA103: =IF($Z103=0,"",AVERAGEIF('GA Runs'!M491:M495,">=0",'GA Runs'!I491:I495)) -> 104.1686 | AB103: 25494.1 | AC103: 3827.7 | AD103: 1666.4 | AE103: 20000 | AF103: 6 | AG103: 93.78 | AH103: =IF(OR($AC103="",$R103="",$AC103=0),"",100*($AC103-$R103)/$AC103) -> -1.2955561 | AI103: =IF($U103="","",100*($C103-$U103)/$C103) -> 83.75 | AJ103: =IF($AF103="","",100*($C103-$AF103)/$C103) -> 92.5 | AK103: =IF(OR($AI103="",$AJ103=""),"",$AI103-$AJ103) -> -8.75 | AL103: =IF($Q103="","",IF(ABS($Q103-SUM($R103:$T103))<0.05,"OK","CHECK")) -> OK
...

Sheet GA Runs
A2: GA Replications
A3: Enter one row per run. A run is used in the Results summary only when Feasible and Validator Passed are both Yes.
A5: Instance | B5: Run | C5: GA Seed | D5: ZT | E5: Zd | F5: Zt2 | G5: Zu | H5: Uncovered | I5: Runtime (s) | J5: Feasible | K5: Validator Passed | L5: Notes | M5: Eligible ZT
A6: 20-1-1 | B6: 1 | C6: 0 | D6: 448.81 | E6: 0 | F6: 448.81 | G6: 0 | H6: 0 | I6: 20.5 | J6: Yes | K6: Yes | M6: =IF(AND(J6="Yes",K6="Yes",ISNUMBER(D6)),D6,"") -> 448.81
A7: 20-1-1 | B7: 2 | C7: 1 | D7: 448.81 | E7: 0 | F7: 448.81 | G7: 0 | H7: 0 | I7: 21.08 | J7: Yes | K7: Yes | M7: =IF(AND(J7="Yes",K7="Yes",ISNUMBER(D7)),D7,"") -> 448.81
A8: 20-1-1 | B8: 3 | C8: 2 | D8: 448.81 | E8: 0 | F8: 448.81 | G8: 0 | H8: 0 | I8: 21.87 | J8: Yes | K8: Yes | M8: =IF(AND(J8="Yes",K8="Yes",ISNUMBER(D8)),D8,"") -> 448.81
A9: 20-1-1 | B9: 4 | C9: 3 | D9: 448.81 | E9: 0 | F9: 448.81 | G9: 0 | H9: 0 | I9: 22.5 | J9: Yes | K9: Yes | M9: =IF(AND(J9="Yes",K9="Yes",ISNUMBER(D9)),D9,"") -> 448.81
A10: 20-1-1 | B10: 5 | C10: 4 | D10: 448.81 | E10: 0 | F10: 448.81 | G10: 0 | H10: 0 | I10: 22.98 | J10: Yes | K10: Yes | M10: =IF(AND(J10="Yes",K10="Yes",ISNUMBER(D10)),D10,"") -> 448.81
A11: 20-1-2 | B11: 1 | C11: 0 | D11: 569.87 | E11: 49.36 | F11: 520.5 | G11: 0 | H11: 0 | I11: 22.3 | J11: Yes | K11: Yes | M11: =IF(AND(J11="Yes",K11="Yes",ISNUMBER(D11)),D11,"") -> 569.87
A12: 20-1-2 | B12: 2 | C12: 1 | D12: 549.85 | E12: 38.2 | F12: 511.65 | G12: 0 | H12: 0 | I12: 23.24 | J12: Yes | K12: Yes | M12: =IF(AND(J12="Yes",K12="Yes",ISNUMBER(D12)),D12,"") -> 549.85
A13: 20-1-2 | B13: 3 | C13: 2 | D13: 549.85 | E13: 38.2 | F13: 511.65 | G13: 0 | H13: 0 | I13: 23.31 | J13: Yes | K13: Yes | M13: =IF(AND(J13="Yes",K13="Yes",ISNUMBER(D13)),D13,"") -> 549.85
A14: 20-1-2 | B14: 4 | C14: 3 | D14: 550.03 | E14: 32.98 | F14: 517.05 | G14: 0 | H14: 0 | I14: 23.78 | J14: Yes | K14: Yes | M14: =IF(AND(J14="Yes",K14="Yes",ISNUMBER(D14)),D14,"") -> 550.03
A15: 20-1-2 | B15: 5 | C15: 4 | D15: 549.85 | E15: 38.2 | F15: 511.65 | G15: 0 | H15: 0 | I15: 23.73 | J15: Yes | K15: Yes | M15: =IF(AND(J15="Yes",K15="Yes",ISNUMBER(D15)),D15,"") -> 549.85
A16: 20-1-3 | B16: 1 | C16: 0 | D16: 617.26 | E16: 60.07 | F16: 557.19 | G16: 0 | H16: 0 | I16: 23.27 | J16: Yes | K16: Yes | M16: =IF(AND(J16="Yes",K16="Yes",ISNUMBER(D16)),D16,"") -> 617.26
A17: 20-1-3 | B17: 2 | C17: 1 | D17: 586.33 | E17: 55.55 | F17: 530.78 | G17: 0 | H17: 0 | I17: 23.97 | J17: Yes | K17: Yes | M17: =IF(AND(J17="Yes",K17="Yes",ISNUMBER(D17)),D17,"") -> 586.33
... A505: 80-5-5 | B505: 5 | C505: 4 | D505: 21589.845 | E505: 5793.586 | F505: 1796.259 | G505: 14000 | H505: 14 | I505: 89.103 | J505: Yes | K505: Yes | M505: =IF(AND(J505="Yes",K505="Yes",ISNUMBER(D505)),D505,"") -> 21589.845
